paper_id,COF,OOF_prediction,OOF_residual
ABRASIVECFPA6,0.28,0.31056668184523806,-0.03056668184523803
ABRASIVECFPA6,0.2,0.23323265406514904,-0.033232654065149025
ABRASIVECFPA6,0.2,0.22836672484126957,-0.028366724841269564
ABRASIVECFPA6,0.18,0.2321949331746029,-0.052194933174602914
ABRASIVECFPA6,0.15,0.2036052260119048,-0.053605226011904816
AUTAY2019,0.55,0.44402804642857086,0.10597195357142919
AUTAY2019,0.37,0.29444418572916603,0.07555581427083397
AUTAY2019,0.27,0.3086184244047621,-0.0386184244047621
AUTAY2019,0.24,0.2855091166666667,-0.04550911666666668
AUTAY2019,0.55,0.47234016488095387,0.07765983511904617
AUTAY2019,0.44,0.29444418572916603,0.14555581427083397
AUTAY2019,0.34,0.27790890833333465,0.06209109166666538
AUTAY2019,0.23,0.2731341479166658,-0.04313414791666578
AUTAY2019,0.65,0.5471265416666626,0.10287345833333739
AUTAY2019,0.55,0.5644270833333297,-0.014427083333329649
AUTAY2019,0.55,0.5620280833333304,-0.012028083333330386
AUTAY2019,0.55,0.558523263888886,-0.008523263888885912
AUTAY2019,0.65,0.5358878916666637,0.11411210833333629
AUTAY2019,0.55,0.6066623452380973,-0.05666234523809721
AUTAY2019,0.55,0.5651863499999972,-0.015186349999997129
AUTAY2019,0.55,0.5686326666666628,-0.018632666666662745
AVALLE2018,0.375,0.3519088999999999,0.023091100000000087
AVALLE2018,0.284,0.3165386805555568,-0.03253868055555681
AVALLE2018,0.302,0.30058790357142745,0.0014120964285725401
AVALLE2018,0.272,0.297141125000001,-0.025141125000000986
AVALLE2018,0.213,0.31165671428571395,-0.09865671428571396
AVALLE2018,0.216,0.262289988095238,-0.046289988095238016
AVALLE2018,0.205,0.23821146428571413,-0.03321146428571414
AVALLE2018,0.355,0.30716795833333416,0.047832041666665825
AVALLE2018,0.308,0.31910907440476277,-0.011109074404762775
AVALLE2018,0.298,0.3217978660714295,-0.02379786607142953
AVALLE2018,0.388,0.35040496011904837,0.03759503988095164
AVALLE2018,0.39,0.3138618749999994,0.07613812500000061
BASAVARAJ2013,0.165,0.2007312221230161,-0.035731222123016104
BASAVARAJ2013,0.158,0.16631713303571402,-0.00831713303571402
BASAVARAJ2013,0.152,0.1752748095238093,-0.02327480952380931
BASAVARAJ2013,0.141,0.17271209642857155,-0.03171209642857156
BASAVARAJ2013,0.13,0.18495617738095227,-0.054956177380952265
BASAVARAJ2013,0.195,0.1978834646825397,-0.0028834646825396937
BASAVARAJ2013,0.186,0.18645197797619,-0.00045197797619001
BASAVARAJ2013,0.181,0.18884595595238057,-0.007845955952380579
BASAVARAJ2013,0.175,0.17706643750000026,-0.0020664375000002677
BASAVARAJ2013,0.168,0.19397549404761916,-0.025975494047619146
BASAVARAJ2013,0.214,0.19474035605158743,0.019259643948412564
BASAVARAJ2013,0.202,0.18708840625000028,0.01491159374999973
BASAVARAJ2013,0.196,0.19182047619047618,0.004179523809523827
BASAVARAJ2013,0.183,0.1919368297619048,-0.008936829761904796
BASAVARAJ2013,0.179,0.18720634424603158,-0.008206344246031588
BASAVARAJ2013,0.181,0.2043314755952378,-0.023331475595237794
BASAVARAJ2013,0.175,0.18598048531746086,-0.010980485317460875
BASAVARAJ2013,0.164,0.17786246874999967,-0.013862468749999662
BASAVARAJ2013,0.153,0.16016053273809583,-0.007160532738095832
BASAVARAJ2013,0.142,0.1681666995833334,-0.026166699583333425
BASAVARAJ2013,0.227,0.22393786071428579,0.0030621392857142216
BASAVARAJ2013,0.213,0.22003621249999938,-0.007036212499999389
BASAVARAJ2013,0.204,0.19963045833333357,0.004369541666666421
BASAVARAJ2013,0.192,0.19871404166666715,-0.006714041666667142
BASAVARAJ2013,0.185,0.20262410000000042,-0.01762410000000042
BASAVARAJ2013,0.239,0.2261924474206343,0.012807552579365694
BASAVARAJ2013,0.228,0.20843248511904758,0.01956751488095243
BASAVARAJ2013,0.219,0.2030025565476193,0.01599744345238069
BASAVARAJ2013,0.206,0.20629571190476192,-0.0002957119047619361
BASAVARAJ2013,0.193,0.20265117499999996,-0.009651174999999956
BASAVARAJ2013,0.205,0.22587853234126992,-0.020878532341269934
BASAVARAJ2013,0.189,0.19153564017857136,-0.002535640178571358
BASAVARAJ2013,0.176,0.17568670565476208,0.00031329434523791333
BASAVARAJ2013,0.168,0.19049368630952318,-0.02249368630952317
BASAVARAJ2013,0.155,0.1921733886904755,-0.03717338869047551
BASAVARAJ2013,0.243,0.22863733333333314,0.014362666666666857
BASAVARAJ2013,0.232,0.21500773869047612,0.016992261309523887
BASAVARAJ2013,0.226,0.2196069166666668,0.006393083333333216
BASAVARAJ2013,0.213,0.1986304761904753,0.014369523809524692
BASAVARAJ2013,0.208,0.213938785714285,-0.005938785714285022
BASAVARAJ2013,0.255,0.22741077063492043,0.02758922936507957
BASAVARAJ2013,0.242,0.22365249226190453,0.01834750773809546
BASAVARAJ2013,0.231,0.22317308333333263,0.007826916666667377
BASAVARAJ2013,0.222,0.213478020833333,0.008521979166666999
BASAVARAJ2013,0.216,0.20724309285714257,0.008756907142857429
BIRYUKOV2023,0.0925,0.08880601291208795,0.0036939870879120484
BIRYUKOV2023,0.105,0.08227457673160173,0.02272542326839827
BIRYUKOV2023,0.085,0.09223633766233741,-0.007236337662337403
BOLAT2024,0.53,0.6176094880952335,-0.0876094880952335
BOLAT2024,0.61,0.603687133928569,0.006312866071431
BOLAT2024,0.704,0.6149172708333352,0.08908272916666471
BOLAT2024,0.6,0.6555289791666631,-0.055528979166663106
BOLAT2024,0.52,0.6290550595238078,-0.10905505952380778
BOLAT2024,0.74,0.6178980297619002,0.12210197023809977
BOLAT2024,0.66,0.6288780119047666,0.031121988095233477
BOLAT2024,0.59,0.6133732380952334,-0.023373238095233395
CARTLEDGE1996,0.3,0.31751715773809414,-0.017517157738094147
CARTLEDGE1996,0.28,0.31751715773809414,-0.03751715773809411
CARTLEDGE1996,0.2,0.31271967261904604,-0.11271967261904603
CARTLEDGE1996,0.36,0.29415878472222456,0.06584121527777542
CARTLEDGE1996,0.31,0.3056319444444472,0.004368055555552808
CARTLEDGE1996,0.27,0.31751715773809414,-0.04751715773809412
CARTLEDGE1996,0.36,0.31271967261904604,0.047280327380953946
CARTLEDGE1996,0.34,0.29951923611111025,0.04048076388888977
CARTLEDGE1996,0.33,0.29415878472222456,0.03584121527777545
CASTPA6G2018,0.5,0.41887560238095256,0.08112439761904744
CASTPA6G2018,0.75,0.38611733887362637,0.36388266112637363
CASTPA6G2018,0.271,0.2724439261904755,-0.0014439261904755085
CASTPA6G2018,0.27,0.2729984741071434,-0.0029984741071433785
CASTPA6G2018,0.267,0.27181047011904796,-0.004810470119047949
CASTPA6G2018,0.266,0.2867275386904756,-0.02072753869047561
CASTPA6G2018,0.265,0.2905247714285727,-0.02552477142857268
CFPA6FFF2021,0.37,0.40907723755411574,-0.03907723755411574
CFPA6FFF2021,0.49,0.4302206424928827,0.05977935750711727
CFPA6FFF2021,0.53,0.47838457307060556,0.05161542692939447
CFPA6FFF2021,0.31,0.4036352916666675,-0.09363529166666751
CFPA6FFF2021,0.4,0.4416737466817171,-0.04167374668171708
CFPA6FFF2021,0.43,0.4763769467338214,-0.04637694673382142
CFPA6FFF2021,0.36,0.39466386752136584,-0.034663867521365854
CFPA6FFF2021,0.4,0.4345991277472544,-0.03459912774725438
CFPA6FFF2021,0.45,0.47838457307060556,-0.028384573070605545
CFPA6FFF2021,0.38,0.4036352916666675,-0.0236352916666675
CFPA6FFF2021,0.42,0.4358148782467513,-0.015814878246751318
CFPA6FFF2021,0.45,0.4710763195903345,-0.021076319590334514
CFPA6FFF2021,0.35,0.40907723755411574,-0.05907723755411576
CFPA6FFF2021,0.39,0.44256931776556757,-0.05256931776556756
CFPA6FFF2021,0.44,0.4595565384615402,-0.019556538461540207
CFPA6FFF2021,0.46,0.3793186426971311,0.0806813573028689
CFPA6FFF2021,0.49,0.4345991277472544,0.05540087225274559
CFPA6FFF2021,0.57,0.4595565384615402,0.11044346153845974
CFPA6FFF2021,0.55,0.36892230829831724,0.1810776917016828
CFPA6FFF2021,0.52,0.4358148782467513,0.08418512175324872
CFPA6FFF2021,0.51,0.46168318605005965,0.04831681394994036
CFPA6FFF2021,0.34,0.40907723755411574,-0.06907723755411571
CFPA6FFF2021,0.38,0.4358148782467513,-0.0558148782467513
CFPA6FFF2021,0.37,0.47838457307060556,-0.10838457307060556
CHEN2022,0.673,0.35289403392857105,0.320105966071429
CHEN2022,0.503,0.4279441741071423,0.0750558258928577
CHERNETS2023,0.72,0.5682269166666668,0.15177308333333317
CHERNETS2023,0.52,0.5144797708333342,0.005520229166665835
CHERNETS2023,0.39,0.43379197499999955,-0.04379197499999954
CHERNETS2023,0.34,0.3436063125000001,-0.0036063125000000973
CHERNETS2023,0.28,0.3927746607142846,-0.11277466071428455
CHERNETS2023,0.7,0.5277047802287584,0.17229521977124151
CHERNETS2023,0.5,0.49417011653828213,0.005829883461717866
CHERNETS2023,0.36,0.41708564041514085,-0.05708564041514086
CHERNETS2023,0.31,0.34179830708180775,-0.03179830708180775
CHERNETS2023,0.25,0.3803092422619037,-0.1303092422619037
CHERNETS2023,0.88,0.6292967499999995,0.2507032500000005
CHERNETS2023,0.68,0.5846917083333313,0.09530829166666877
CHERNETS2023,0.53,0.5299065357142845,9.346428571554988e-05
CHERNETS2023,0.48,0.5989571249999998,-0.11895712499999977
CHERNETS2023,0.41,0.5860780416666661,-0.17607804166666613
CHERNETS2023,0.78,0.5942786227106223,0.18572137728937776
CHERNETS2023,0.61,0.5550771904761904,0.05492280952380957
CHERNETS2023,0.48,0.4764734059523822,0.0035265940476177926
CHERNETS2023,0.44,0.4236224471288509,0.016377552871149115
CHERNETS2023,0.35,0.4239607166666656,-0.07396071666666565
CHERNETSSWIC,0.41,0.6003533988095228,-0.1903533988095228
CHERNETSSWIC,0.41,0.5086098342490831,-0.09860983424908315
CHERNETSSWIC,0.41,0.39493306436741415,0.01506693563258582
CHERNETSSWIC,0.4,0.49863203952020313,-0.09863203952020311
CHERNETSSWIC,0.4,0.4432108541666668,-0.04321085416666676
CHERNETSSWIC,0.4,0.3890718523809516,0.010928147619048423
CHERNETSSWIC,0.62,0.5712197324134208,0.04878026758657916
CHERNETSSWIC,0.62,0.6042406904761919,0.015759309523808107
CHERNETSSWIC,0.62,0.5103759976190486,0.10962400238095138
CHERNETSSWIC,0.48,0.5512430263736257,-0.07124302637362567
CHERNETSSWIC,0.48,0.5401399514652,-0.060139951465200014
CHERNETSSWIC,0.48,0.4810338884615373,-0.0010338884615372912
DIFALLAH2020,0.191,0.3219034809523809,-0.1309034809523809
DIFALLAH2020,0.156,0.16802167321428563,-0.012021673214285628
DIFALLAH2020,0.148,0.16943880999999947,-0.021438809999999475
DIFALLAH2020,0.085,0.1753791386904766,-0.0903791386904766
DIFALLAH2020,0.06,0.1608868485714283,-0.1008868485714283
DIFALLAH2020,0.226,0.32167162976190466,-0.09567162976190466
DIFALLAH2020,0.18,0.15802188571428563,0.021978114285714362
DIFALLAH2020,0.167,0.11458055208333331,0.052419447916666695
DIFALLAH2020,0.169,0.1644895719047616,0.004510428095238411
DIFALLAH2020,0.188,0.18130235238095233,0.006697647619047675
DIFALLAH2020,0.177,0.17477089404761892,0.002229105952381072
DIFALLAH2020,0.16,0.1958325910714277,-0.035832591071427694
DIFALLAH2020,0.21,0.13942149431547596,0.07057850568452403
DIFALLAH2020,0.185,0.17131687321428551,0.013683126785714483
DIFALLAH2020,0.177,0.15261159166666632,0.024388408333333667
DIFALLAH2020,0.085,0.21095238166666608,-0.12595238166666606
GFRPA6PV2023,0.878,0.8422888333333343,0.03571116666666574
GFRPA6PV2023,0.857,0.833393833333334,0.02360616666666593
GFRPA6PV2023,0.832,0.8228903184523805,0.009109681547619486
GFRPA6PV2023,0.819,0.8092564583333326,0.009743541666667355
GFRPA6PV2023,0.858,0.7963746190476185,0.06162538095238146
GFRPA6PV2023,0.821,0.803922333333334,0.01707766666666599
GFRPA6PV2023,0.813,0.8059721249999978,0.007027875000002126
GFRPA6PV2023,0.795,0.7889771130952389,0.00602288690476116
GFRPA6PV2023,0.794,0.7921180833333358,0.0018819166666642628
GFRPA6PV2023,0.771,0.7800432083333331,-0.009043208333333053
GFRPA6PV2023,0.764,0.7906957499999969,-0.02669574999999691
GFRPA6PV2023,0.741,0.7710487916666666,-0.03004879166666663
GFRPA6PV2023,0.776,0.782547666666665,-0.006547666666664953
GFRPA6PV2023,0.735,0.7557066249999993,-0.020706624999999312
GFRPA6PV2023,0.727,0.7565757083333345,-0.02957570833333456
GFRPA6PV2023,0.714,0.7552855833333335,-0.04128558333333354
GNPCFPBO2019,0.42,0.25776488928571445,0.16223511071428554
GNPCFPBO2019,0.085,0.13797447678571417,-0.05297447678571417
GNPCFPBO2019,0.071,0.10318225654761923,-0.032182256547619234
GNPCFPBO2019,0.082,0.10332866130952373,-0.021328661309523725
GNPCFPBO2019,0.085,0.1043972446428571,-0.019397244642857095
GNPCFPBO2019,0.062,0.08512892142857174,-0.023128921428571744
GNPCFPBO2019,0.063,0.08499725476190508,-0.021997254761905075
GNPCFPBO2019,0.083,0.08378585892857174,-0.0007858589285717338
GNPCFPBO2019,0.046,0.05809876785714293,-0.01209876785714293
GNPCFPBO2019,0.045,0.05799819940476217,-0.01299819940476217
GNPCFPBO2019,0.042,0.07645923809523836,-0.034459238095238355
GOPOSS2020,0.44,0.2880957428454715,0.1519042571545285
GOPOSS2020,0.08,0.11780304249999965,-0.03780304249999965
GOPOSS2020,0.06,0.18736349374999986,-0.12736349374999986
GOPOSS2020,0.07,0.1901503092261904,-0.12015030922619038
GOPOSS2020,0.08,0.19219138065476182,-0.11219138065476182
GOPOSS2020,0.24,0.08901404761904785,0.15098595238095214
GRAF2026,0.155,0.18336118571428606,-0.028361185714286058
GRAF2026,0.168,0.1722594684523805,-0.004259468452380483
GRAF2026,0.176,0.15891254999999954,0.017087450000000448
GRAF2026,0.152,0.1722594684523805,-0.020259468452380497
GRAF2026,0.067,0.14219565553571448,-0.07519565553571447
GRAF2026,0.071,0.07286427500000035,-0.0018642750000003594
GRAF2026,0.071,0.07280295833333389,-0.0018029583333338955
GRAF2026,0.066,0.08055713053571475,-0.014557130535714752
GRAF2026,0.166,0.16594391250000004,5.6087499999968315e-05
GRAF2026,0.171,0.16915382678571422,0.00184617321428579
GRAF2026,0.174,0.16716995119047634,0.006830048809523648
GRAF2026,0.165,0.16915382678571422,-0.004153826785714215
GRAF2026,0.15,0.168514025,-0.018514025000000017
GRAF2026,0.173,0.16067553571428594,0.012324464285714043
GRAF2026,0.175,0.16642887500000017,0.008571124999999818
GRAF2026,0.15,0.17209237499999952,-0.022092374999999526
GRAF2026,0.077,0.15650937720238134,-0.07950937720238134
GRAF2026,0.082,0.07989354166666662,0.0021064583333333803
GRAF2026,0.086,0.08146840000000051,0.004531599999999483
GRAF2026,0.078,0.08042342083333388,-0.0024234208333338836
IJEMS2018,0.363,0.3143302956349206,0.04866970436507939
IJEMS2018,0.266,0.3146400606060604,-0.04864006060606041
IJEMS2018,0.26,0.3626134444444445,-0.10261344444444448
IJEMS2018,0.231,0.3765216928571428,-0.1455216928571428
IJEMS2018,0.255,0.22512754999999887,0.029872450000001133
IJEMS2018,0.248,0.21981927083333364,0.028180729166666363
IJEMS2018,0.213,0.2393318910714275,-0.0263318910714275
IJEMS2018,0.195,0.21907789345238118,-0.024077893452381177
IJEMS2018,0.185,0.1861348047619048,-0.0011348047619048063
IJEMS2018,0.191,0.17598068749999993,0.015019312500000076
IJEMS2018,0.169,0.17747403214285698,-0.008474032142856969
IJEMS2018,0.165,0.17235936011904798,-0.007359360119047975
IJEMS2018,0.184,0.17026519226190437,0.013734807738095628
IJEMS2018,0.151,0.16922725595238106,-0.01822725595238106
IJEMS2018,0.163,0.1561510208333331,0.0068489791666669075
IJEMS2018,0.146,0.15471539166666665,-0.008715391666666655
IJEMS2018,0.142,0.16317444166666625,-0.021174441666666266
IJEMS2018,0.155,0.16569640059523813,-0.010696400595238131
JAPIC2022,0.292,0.24786870211038908,0.0441312978896109
JAPIC2022,0.277,0.27214418693181724,0.004855813068182779
JAPIC2022,0.285,0.2892501690476202,-0.004250169047620211
JAPIC2022,0.27,0.29036709404762007,-0.02036709404762005
JAPIC2022,0.283,0.28666572083333186,-0.003665720833331887
JAPIC2022,0.301,0.2766530916666672,0.024346908333332806
JOZWIK2020,0.12,0.12533939909722241,-0.005339399097222419
JOZWIK2020,0.1,0.11851311660714262,-0.01851311660714261
JOZWIK2020,0.09,0.12452383196428546,-0.03452383196428546
JOZWIK2020,0.11,0.17553025773809539,-0.06553025773809538
JOZWIK2020,0.1,0.22616950817460257,-0.12616950817460257
JOZWIK2020,0.09,0.23544875999999929,-0.1454487599999993
KARATAS2019,0.43,0.20846451666666582,0.22153548333333417
KARATAS2019,0.08,0.11653038993055567,-0.03653038993055567
KARATAS2019,0.17,0.23673642857142851,-0.0667364285714285
KARATAS2019,0.25,0.19337865833333384,0.05662134166666616
KARATAS2019,0.19,0.19346865833333385,-0.003468658333333846
KARATAS2019,0.065,0.06192108333333292,0.0030789166666670836
KARATAS2019,0.06,0.06192108333333292,-0.0019210833333329208
KARATAS2019,0.085,0.05929003869047587,0.02570996130952414
KARATAS2019,0.045,0.05755334523809521,-0.01255334523809521
KARATAS2019,0.035,0.0589125416666662,-0.023912541666666197
KARATAS2019,0.025,0.05984122619047634,-0.03484122619047634
KHAKBAZ2024,0.76,0.8055259464285699,-0.045525946428569886
KHAKBAZ2024,0.5,0.6696604047619058,-0.1696604047619058
KHAKBAZ2024,0.45,0.6392361250000022,-0.18923612500000214
KHAKBAZ2024,0.64,0.6835712499999969,-0.04357124999999684
KHAKBAZ2024,0.56,0.5891893750000032,-0.02918937500000318
KHAKBAZ2024,0.55,0.5549219166666653,-0.004921916666665305
KHAKBAZ2024,0.7,0.6835712499999969,0.0164287500000031
KHAKBAZ2024,0.63,0.5970446666666644,0.03295533333333556
KHAKBAZ2024,0.6,0.5549219166666653,0.04507808333333463
KHAKBAZ2024,0.67,0.6873923749999967,-0.017392374999996685
KHAKBAZ2024,0.61,0.5799779166666618,0.030022083333338223
KHAKBAZ2024,0.58,0.5477562916666661,0.0322437083333339
KHAKBAZ2024,0.67,0.6716081249999956,-0.0016081249999955194
KHAKBAZ2024,0.62,0.5891893750000032,0.03081062499999676
KHAKBAZ2024,0.57,0.5477562916666661,0.02224370833333389
KULKARNI2014,0.3944,0.38970195952380904,0.0046980404761909345
KULKARNI2014,0.3508,0.412678204166668,-0.061878204166668005
KULKARNI2014,0.3466,0.40931557083333453,-0.06271557083333451
KULKARNI2014,0.2695,0.24812723035714324,0.02137276964285678
KULKARNI2014,0.2483,0.2671574276785712,-0.01885742767857121
KULKARNI2014,0.2152,0.2539608200396834,-0.0387608200396834
KULKARNI2014,0.2056,0.21940245867063535,-0.013802458670635342
KULKARNI2014,0.1976,0.21381171666666718,-0.01621171666666718
KULKARNI2014,0.2097,0.2075938554563498,0.0021061445436501847
KULKARNI2014,0.4379,0.3981953626190491,0.039704637380950925
KULKARNI2014,0.4017,0.4295745517857126,-0.027874551785712576
KULKARNI2014,0.4787,0.4224930559523789,0.05620694404762111
KULKARNI2014,0.2267,0.2917866367063484,-0.0650866367063484
KULKARNI2014,0.2804,0.24967009494047676,0.03072990505952322
KULKARNI2014,0.2102,0.2898597325396819,-0.0796597325396819
KULKARNI2014,0.2075,0.21589941950396863,-0.008399419503968636
KULKARNI2014,0.223,0.21034320228174608,0.012656797718253926
KULKARNI2014,0.16,0.23332072380952365,-0.07332072380952365
KULKARNI2014,0.5125,0.3981173030952395,0.11438269690476044
KULKARNI2014,0.4013,0.43831014345237884,-0.03701014345237885
KULKARNI2014,0.4848,0.41584630178571536,0.06895369821428465
KULKARNI2014,0.2863,0.28478103902777835,0.0015189609722216502
KULKARNI2014,0.3766,0.26953689761904764,0.10706310238095235
KULKARNI2014,0.2723,0.26251600932539715,0.009783990674602838
KULKARNI2014,0.2683,0.23672187797619004,0.03157812202380994
KULKARNI2014,0.2271,0.26043817847222317,-0.03333817847222317
KULKARNI2014,0.2747,0.23647732242063463,0.03822267757936537
KUMAR2024,0.396,0.427944723809523,-0.03194472380952296
KUMAR2024,0.422,0.47132665119047756,-0.04932665119047758
KUMAR2024,0.455,0.45333497440476095,0.001665025595239067
KUMAR2024,0.278,0.24256382113095198,0.03543617886904804
KUMAR2024,0.321,0.2806600392857138,0.040339960714286194
KUMAR2024,0.374,0.3154708976190468,0.05852910238095321
KUMAR2024,0.144,0.2703933500000007,-0.1263933500000007
KUMAR2024,0.264,0.2773046321428567,-0.01330463214285671
KUMAR2024,0.358,0.2880132232142856,0.06998677678571441
KUMAR2024,0.11,0.2556885190476189,-0.14568851904761893
KUMAR2024,0.177,0.25022127440476166,-0.07322127440476167
KUMAR2024,0.231,0.32206430416666676,-0.09106430416666675
KUMAR2024,0.473,0.47650514067460265,-0.003505140674602669
KUMAR2024,0.52,0.5070609077380952,0.012939092261904817
KUMAR2024,0.627,0.5171599797619053,0.1098400202380947
KUMAR2024,0.435,0.481334814880951,-0.04633481488095098
KUMAR2024,0.54,0.4687150291666658,0.07128497083333424
KUMAR2024,0.573,0.4783145958333324,0.09468540416666754
KUMAR2024,0.37,0.34468236369047595,0.02531763630952405
KUMAR2024,0.41,0.37615066904761896,0.03384933095238102
KUMAR2024,0.443,0.3913914291666669,0.05160857083333309
KUMAR2024,0.373,0.3338429916666668,0.03915700833333319
KUMAR2024,0.403,0.3786995696428567,0.0243004303571433
KUMAR2024,0.41,0.3946877500000003,0.015312249999999694
KUMAR2024,0.297,0.32741949940476167,-0.030419499404761685
KUMAR2024,0.333,0.34384931130952423,-0.010849311309524212
KUMAR2024,0.363,0.3490176214285717,0.013982378571428311
KUMAR2024,0.468,0.4930362698412693,-0.025036269841269276
KUMAR2024,0.557,0.524464675595236,0.03253532440476403
KUMAR2024,0.607,0.5305755585317459,0.07642444146825411
KUMAR2025,0.4,0.4237978571428566,-0.023797857142856593
KUMAR2025,0.42,0.444086579761906,-0.024086579761906035
KUMAR2025,0.47,0.4457067797619043,0.02429322023809566
KUMAR2025,0.36,0.3788852583333327,-0.01888525833333271
KUMAR2025,0.39,0.3981174999999999,-0.008117499999999889
KUMAR2025,0.43,0.40407454345238036,0.02592545654761963
KUMAR2025,0.34,0.37139915833333265,-0.03139915833333262
KUMAR2025,0.37,0.3937859392857139,-0.02378593928571393
KUMAR2025,0.4,0.3858983749999992,0.01410162500000084
KUMAR2025,0.28,0.34290293749999884,-0.06290293749999881
KUMAR2025,0.32,0.3639327365079365,-0.0439327365079365
KUMAR2025,0.34,0.35534229166666614,-0.015342291666666119
KUMAR2025,0.48,0.4802791904761886,-0.0002791904761886288
KUMAR2025,0.49,0.5129186642857162,-0.022918664285716206
KUMAR2025,0.55,0.5387678333333342,0.011232166666665822
KUMAR2025,0.44,0.4642384773809527,-0.024238477380952694
KUMAR2025,0.54,0.4842208869047614,0.05577911309523864
KUMAR2025,0.57,0.5054370500000006,0.06456294999999934
KUMAR2025,0.4,0.38286401845238105,0.017135981547618973
KUMAR2025,0.48,0.46010967857142854,0.019890321428571445
KUMAR2025,0.51,0.45282660297619076,0.05717339702380925
KUMAR2025,0.37,0.4041666095238095,-0.03416660952380951
KUMAR2025,0.44,0.4390270770833339,0.0009729229166661191
KUMAR2025,0.44,0.43824768452380963,0.0017523154761903692
KUMAR2025,0.33,0.3628745059523803,-0.032874505952380284
KUMAR2025,0.38,0.36096947708333266,0.019030522916667347
KUMAR2025,0.35,0.40221010853174655,-0.05221010853174657
KUMAR2025,0.52,0.48370268928571636,0.03629731071428366
KUMAR2025,0.58,0.528801176190474,0.051198823809526006
KUMAR2025,0.62,0.526204083333334,0.09379591666666598
KUNISHIMA2021,0.256,0.3058434835119046,-0.049843483511904596
KUNISHIMA2021,0.305,0.28489583472222224,0.020104165277777752
KUNISHIMA2021,0.42,0.4225286309523814,-0.0025286309523814277
KUNISHIMA2021,0.05,0.03950833333333352,0.010491666666666483
KUNISHIMA2021,0.048,0.03950833333333352,0.00849166666666648
KUNISHIMA2021,0.04,0.04049345833333348,-0.000493458333333481
KUNISHIMA2021,0.04,0.04049345833333348,-0.000493458333333481
KUNISHIMA2021,0.04,0.04477050000000015,-0.00477050000000015
KUNISHIMA2021,0.035,0.04661050000000015,-0.011610500000000148
KUNISHIMA2021,0.045,0.04220366666666655,0.002796333333333449
KUNISHIMA2021,0.045,0.04220366666666655,0.002796333333333449
KUNISHIMA2021,0.045,0.0470986333333336,-0.0020986333333335994
KUNISHIMA2021,0.04,0.04220015476190464,-0.0022001547619046394
KUNISHIMA2021,0.04,0.04027591666666627,-0.00027591666666627185
KUNISHIMA2021,0.04,0.04027591666666627,-0.00027591666666627185
KUNISHIMA2021,0.04,0.0720446984126986,-0.0320446984126986
KUNISHIMA2021,0.04,0.0772133452380955,-0.037213345238095503
KUNISHIMA2021,0.04,0.0778564702380955,-0.0378564702380955
KUNISHIMA2021,0.09,0.05090649999999991,0.039093500000000087
KUNISHIMA2021,0.09,0.06091980357142896,0.029080196428571035
KUNISHIMA2021,0.09,0.05353504166666657,0.03646495833333343
LI2010,0.102,0.13254204256493535,-0.030542042564935354
LI2010,0.096,0.09108485333333306,0.004915146666666939
LI2010,0.094,0.093330936904762,0.0006690630952379956
LI2010,0.09,0.08030776666666664,0.009692233333333355
LI2010,0.071,0.08492809333333297,-0.013928093333332975
LI2010,0.171,0.1228408662500003,0.04815913374999971
LI2010,0.109,0.09504455717948701,0.01395544282051299
LI2010,0.108,0.09282111384615364,0.015178886153846355
LI2010,0.089,0.09594618190476184,-0.0069461819047618445
LI2010,0.077,0.09715372166666661,-0.02015372166666661
LI2010,0.175,0.14650372196428563,0.028496278035714362
LI2010,0.173,0.13893683458333375,0.034063165416666236
LI2010,0.16,0.1374093566666663,0.022590643333333715
LI2010,0.14,0.13837763166666636,0.0016223683333336514
LI2010,0.108,0.15222180166666635,-0.04422180166666635
LI2010,0.101,0.13272472226190485,-0.03172472226190484
LI2010,0.081,0.09390875339285701,-0.012908753392857006
LI2010,0.068,0.08943423565476198,-0.021434235654761977
LI2010,0.054,0.08074421214285714,-0.02674421214285714
LI2010,0.048,0.07486743148809528,-0.026867431488095284
LI2012,0.1121,0.29244557410714206,-0.18034557410714205
LI2012,0.2517,0.21921426636904734,0.03248573363095264
LI2012,0.1621,0.22195311851190458,-0.059853118511904585
LI2012,0.3833,0.22195311851190458,0.1613468814880954
LI2012,0.1512,0.36648139672618973,-0.21528139672618973
LI2012,0.468,0.2274887189880951,0.24051128101190491
LI2012,0.2383,0.3689111279761896,-0.13061112797618957
LI2012,0.5707,0.2682960559523809,0.3024039440476191
LI2012,0.1198,0.2641185776785713,-0.14431857767857126
LI2012,0.269,0.31217400589285665,-0.04317400589285664
LI2012,0.09273,0.16047735058441567,-0.06774735058441567
LI2012,0.07407,0.20942503120535721,-0.13535503120535722
LI2012,0.05989,0.19470044749999982,-0.13481044749999982
LI2012,0.2167,0.231491209662698,-0.014791209662698007
LI2012,0.06112,0.19617888624999974,-0.13505888624999973
LI2012,0.3176,0.22950803980158752,0.08809196019841248
LI2012,0.06377,0.19732246958333302,-0.13355246958333303
LI2012,0.2396,0.2604382578769836,-0.020838257876983596
LI2012,0.1331,0.1518504142063495,-0.018750414206349514
LI2012,0.384,0.23215367208333293,0.15184632791666708
LI2013,0.2111,0.3201523904761908,-0.10905239047619081
LI2013,0.2063,0.19036040952380961,0.015939590476190396
LI2013,0.1904,0.1700161497222221,0.02038385027777792
LI2013,0.1794,0.16763176946428573,0.01176823053571427
LI2013,0.1735,0.17833649678571437,-0.004836496785714378
LI2013,0.1693,0.16385047559523805,0.005449524404761957
LI2013,0.1614,0.15726344297619085,0.004136557023809134
LI2013,0.1446,0.1613063239285716,-0.016706323928571604
LI2013,0.21,0.22972643601190504,-0.019726436011905046
LI2013,0.2213,0.22574616517857177,-0.00444616517857177
LI2013,0.2392,0.21824520416666665,0.020954795833333345
LI2013,0.2353,0.21442834285714304,0.020871657142856964
LI2013,0.2209,0.2136026718452383,0.007297328154761723
LI2013,0.2152,0.21682106946428578,-0.0016210694642857792
LI2013,0.2254,0.1746754053571427,0.05072459464285728
LI2013,0.1906,0.1848196053571421,0.0057803946428579
LI2013,0.1751,0.1792272071428568,-0.004127207142856804
LI2013,0.1531,0.1848196053571421,-0.03171960535714208
LI2013,0.1515,0.1746754053571427,-0.023175405357142714
LI2013,0.1942,0.20184401714285738,-0.007644017142857368
LI2013,0.1197,0.1670648880357147,-0.0473648880357147
LI2013,0.1899,0.19798581035714297,-0.008085810357142953
LI2013,0.1869,0.1668326996031747,0.020067300396825305
LI2013,0.174,0.17406303452380942,-6.303452380942987e-05
LI2013,0.1635,0.17702859452380934,-0.013528594523809334
LI2013,0.1255,0.22816754166666692,-0.10266754166666692
LI2013,0.083,0.11932652398809514,-0.03632652398809513
LI2013,0.0985,0.18467254196428534,-0.08617254196428534
LI2013,0.0975,0.1252391925793651,-0.027739192579365107
LI2013,0.0883,0.1252391925793651,-0.03693919257936511
LI2013,0.0961,0.09610988928571441,-9.889285714409501e-06
LI2024,0.09,0.27862612499999945,-0.18862612499999945
LI2024,0.1,0.28334266666666535,-0.18334266666666535
LI2024,0.11,0.30361091666666623,-0.19361091666666624
LI2024,0.66,0.3038215416666662,0.35617845833333384
LI2024,0.12,0.09472812500000011,0.025271874999999888
LI2024,0.1,0.11649408333333304,-0.016494083333333034
LI2024,0.084,0.1168941875000003,-0.032894187500000296
LI2024,0.087,0.10748212499999989,-0.020482124999999893
LI2024,0.49,0.30602476190476113,0.18397523809523886
LI2024,0.38,0.45073958333333314,-0.07073958333333313
LI2024,0.58,0.3564599999999993,0.22354000000000068
LI2024,0.46,0.4777114583333308,-0.017711458333330765
LI2024,0.13,0.10493004166666589,0.025069958333334114
LI2024,0.1,0.10097489583333384,-0.0009748958333338359
LI2024,0.1,0.10161964583333319,-0.0016196458333331831
LI2024,0.098,0.09976314583333322,-0.0017631458333332156
LI2024,0.35,0.30967226190476116,0.04032773809523882
LI2024,0.35,0.3732425000000014,-0.023242500000001443
LI2024,0.42,0.3696908480392147,0.05030915196078528
LI2024,0.34,0.4041268750000008,-0.06412687500000075
LI2024,0.12,0.11750745833333359,0.0024925416666664035
LI2024,0.09,0.11485104166666642,-0.02485104166666642
LI2024,0.1,0.11759345833333362,-0.017593458333333617
LI2024,0.11,0.09955756249999988,0.010442437500000123
LORBER2025,0.64,0.47223820512820586,0.16776179487179416
LORBER2025,0.46,0.5543196369047618,-0.0943196369047618
LORBER2025,0.53,0.471044673763737,0.05895532623626304
LORBER2025,0.47,0.48737605952380997,-0.017376059523809995
LORBER2025,0.47,0.37457120169413877,0.0954287983058612
LORBER2025,0.46,0.4694067485832054,-0.009406748583205393
LORBER2025,0.44,0.4819650894473181,-0.04196508944731808
LORBER2025,0.45,0.36649461814713047,0.08350538185286954
MAN2021,0.37,0.3850223452380934,-0.015022345238093426
MAN2021,0.49,0.42393598443223673,0.06606401556776326
MAN2021,0.53,0.4455968269230747,0.08440317307692535
MAN2021,0.31,0.4048504945054973,-0.09485049450549732
MAN2021,0.4,0.4541089491758267,-0.054108949175826704
MAN2021,0.43,0.4455968269230747,-0.01559682692307468
MAN2021,0.36,0.3742515232684003,-0.01425152326840029
MAN2021,0.4,0.4492750165229868,-0.04927501652298677
MAN2021,0.45,0.4455968269230747,0.0044031730769253374
MAN2021,0.38,0.4048504945054973,-0.02485049450549731
MAN2021,0.42,0.4541089491758267,-0.03410894917582674
MAN2021,0.45,0.4713017765567744,-0.0213017765567744
MAN2021,0.35,0.3742515232684003,-0.0242515232684003
MAN2021,0.39,0.44547273538960874,-0.05547273538960873
MAN2021,0.44,0.4843370260988996,-0.04433702609889961
MAN2021,0.46,0.3723993173003054,0.08760068269969462
MAN2021,0.55,0.44547273538960874,0.1045272646103913
MAN2021,0.57,0.4455968269230747,0.12440317307692528
MAN2021,0.49,0.3742515232684003,0.11574847673159971
MAN2021,0.52,0.42393598443223673,0.09606401556776328
MAN2021,0.51,0.4843370260988996,0.025662973901100394
MAN2021,0.34,0.4048504945054973,-0.06485049450549729
MAN2021,0.38,0.44547273538960874,-0.06547273538960874
MAN2021,0.37,0.4843370260988996,-0.11433702609889962
MYALSKI2020,0.15,0.25741514851190495,-0.10741514851190495
MYALSKI2020,0.07,0.08683441845238096,-0.016834418452380956
MYALSKI2020,0.13,0.1079726825595237,0.0220273174404763
MYALSKI2020,0.14,0.11177371708333349,0.028226282916666526
MYALSKI2020,0.1,0.27073309,-0.17073309
MYALSKI2020,0.06,0.08886475785714314,-0.02886475785714314
MYALSKI2020,0.09,0.1281916597619048,-0.038191659761904806
MYALSKI2020,0.13,0.1079726825595237,0.0220273174404763
NANOZEOLITE2024,0.3,0.5109575678030299,-0.21095756780302993
NANOZEOLITE2024,0.24,0.2878962513095232,-0.047896251309523186
NANOZEOLITE2024,0.2,0.3758358063725502,-0.1758358063725502
NANOZEOLITE2024,0.33,0.2905571894047613,0.03944281059523874
NANOZEOLITE2024,0.7,0.4103348043650798,0.28966519563492016
NANOZEOLITE2024,0.51,0.31907223630952297,0.19092776369047704
NANOZEOLITE2024,0.39,0.46353337142857143,-0.07353337142857141
NANOZEOLITE2024,0.65,0.3155071571428563,0.3344928428571437
NEIS2017a,0.43,0.770575674603174,-0.340575674603174
NEIS2017a,0.43,0.7927134469941848,-0.3627134469941848
NEIS2017a,0.42,0.6003219961288714,-0.1803219961288714
NEIS2017a,0.44,0.7650056671245467,-0.32500566712454665
NEIS2017a,0.45,0.7743379481792714,-0.32433794817927136
NEIS2017a,0.43,0.7232764408263321,-0.29327644082633214
NEIS2017a,0.43,0.7863044766483555,-0.35630447664835546
NEIS2017a,0.42,0.6617031074929991,-0.24170310749299911
NEIS2017a,0.44,0.6825466865079369,-0.24254668650793693
NEIS2017a,0.98,0.6282634243697511,0.35173657563024885
NEIS2017a,1.0,0.5787128294622035,0.4212871705377965
NEIS2017a,0.85,0.5731307088989438,0.2768692911010562
NEIS2017a,0.96,0.7650056671245467,0.1949943328754533
NEIS2017a,0.98,0.5658850854145836,0.4141149145854164
NEIS2017a,0.87,0.5814863056526796,0.28851369434732044
NEIS2017a,0.99,0.6289301388888888,0.36106986111111117
NEIS2017a,0.96,0.6617031074929991,0.29829689250700087
NEIS2017a,0.74,0.575752299808035,0.164247700191965
NEIS2017a,0.92,0.859872833333327,0.06012716666667306
NEIS2017a,1.09,0.8362959583333313,0.2537040416666688
NEIS2017a,0.77,0.9307874999999984,-0.16078749999999842
NEIS2017a,0.81,0.9078457619047617,-0.09784576190476169
NEIS2017b,0.511,0.4932863988095238,0.017713601190476214
NEIS2017b,0.275,0.29878245959596,-0.02378245959595998
NEIS2017b,0.628,0.40092754861111174,0.22707245138888826
NEIS2017b,0.22,0.23533085166666734,-0.015330851666667339
NEIS2017b,0.22,0.23468085166666733,-0.014680851666667327
NEIS2017b,0.23,0.23235248999999972,-0.0023524899999997073
NEIS2017b,0.24,0.23222748999999973,0.00777251000000026
NEIS2017b,0.23,0.2339486889285719,-0.003948688928571892
NEIS2017b,0.38,0.353760595833335,0.02623940416666498
NEIS2017b,0.34,0.3495309250000019,-0.009530925000001855
NEIS2017b,0.32,0.353806095833335,-0.03380609583333499
NEIS2017b,0.32,0.3598171249999985,-0.03981712499999851
NEIS2017b,0.35,0.34299465416666824,0.007005345833331733
NIE2010,0.281,0.3091770192460311,-0.028177019246031054
NIE2010,0.332,0.3207990229166661,0.011200977083333896
NIE2010,0.261,0.28542503749999976,-0.024425037499999747
NIE2010,0.271,0.27462619383117015,-0.0036261938311701325
NIE2010,0.297,0.32615122916666633,-0.029151229166666348
NIE2010,0.338,0.3423209642857127,-0.0043209642857126584
NIE2010,0.268,0.2840776607142854,-0.016077660714285402
NIE2010,0.273,0.2804120547619049,-0.007412054761904874
NIE2010,0.31,0.33022778065476044,-0.02022778065476044
NIE2010,0.345,0.33557161583333467,0.009428384166665305
NIE2010,0.27,0.2841305943309149,-0.014130594330914903
NIE2010,0.28,0.2823474547619046,-0.002347454761904566
NIE2010,0.325,0.3350239579365069,-0.0100239579365069
NIE2010,0.358,0.33546634916666795,0.02253365083333203
NIE2010,0.278,0.28791216099758155,-0.00991216099758152
NIE2010,0.292,0.28648047976190477,0.00551952023809521
NIE2010,0.342,0.32615122916666633,0.015848770833333692
NIE2010,0.339,0.3394512769607833,-0.0004512769607832867
NIE2010,0.279,0.26880288311688433,0.010197116883115698
NIE2010,0.258,0.2804120547619049,-0.022412054761904887
NIE2010,0.316,0.32615122916666633,-0.010151229166666331
NIE2010,0.339,0.3384982200000015,0.0005017799999985084
NIE2010,0.273,0.2810938869047623,-0.00809388690476226
NIE2010,0.285,0.2739714931404379,0.011028506859562082
NIE2010,0.349,0.3141086979166668,0.03489130208333319
NIE2010,0.346,0.3394512769607833,0.006548723039216664
NIE2010,0.319,0.26880288311688433,0.05019711688311568
OZSARIKAYA2025,0.2953,0.37601838770743057,-0.08071838770743056
OZSARIKAYA2025,0.3493,0.36664533214285666,-0.017345332142856662
OZSARIKAYA2025,0.3869,0.3656986502976185,0.021201349702381522
OZSARIKAYA2025,0.3165,0.3747181133026686,-0.05821811330266857
OZSARIKAYA2025,0.3627,0.3706586175595228,-0.007958617559522763
OZSARIKAYA2025,0.3926,0.3734148616071424,0.019185138392857626
OZSARIKAYA2025,0.3355,0.367317809523809,-0.03181780952380897
OZSARIKAYA2025,0.3885,0.35811827013889025,0.030381729861109763
OZSARIKAYA2025,0.4237,0.38673810922618984,0.03696189077381018
OZSARIKAYA2025,0.2742,0.2977253636904762,-0.023525363690476198
OZSARIKAYA2025,0.3012,0.3082719462301585,-0.007071946230158499
OZSARIKAYA2025,0.3321,0.32180568861698555,0.010294311383014454
OZSARIKAYA2025,0.2914,0.3016193505681822,-0.010219350568182184
OZSARIKAYA2025,0.3226,0.308210079464286,0.014389920535713974
OZSARIKAYA2025,0.3589,0.33408770832763685,0.02481229167236315
OZSARIKAYA2025,0.3089,0.32330630238095276,-0.014406302380952751
OZSARIKAYA2025,0.3329,0.3347466899610805,-0.0018466899610805054
OZSARIKAYA2025,0.3874,0.3398082880952375,0.047591711904762524
OZSARIKAYA2025,0.2612,0.2922222336309531,-0.031022233630953133
OZSARIKAYA2025,0.2875,0.2938640687499998,-0.0063640687499998405
OZSARIKAYA2025,0.3288,0.3191204154761907,0.009679584523809293
OZSARIKAYA2025,0.2837,0.2848520559523806,-0.001152055952380604
OZSARIKAYA2025,0.2936,0.3087898006222944,-0.015189800622294358
OZSARIKAYA2025,0.3395,0.3197501735479795,0.019749826452020502
OZSARIKAYA2025,0.2961,0.3054014627976185,-0.00930146279761851
OZSARIKAYA2025,0.3224,0.319281403869048,0.0031185961309520005
OZSARIKAYA2025,0.3689,0.3276656263888892,0.04123437361111082
OZSARIKAYA2025,0.2335,0.27003737976190556,-0.03653737976190555
OZSARIKAYA2025,0.2511,0.2806763684523805,-0.029576368452380486
OZSARIKAYA2025,0.2877,0.29641196994047564,-0.008711969940475628
OZSARIKAYA2025,0.2596,0.2766651963690474,-0.01706519636904741
OZSARIKAYA2025,0.2732,0.2882083445346325,-0.015008344534632512
OZSARIKAYA2025,0.2987,0.2974042381944444,0.0012957618055556286
OZSARIKAYA2025,0.2786,0.2899410411309523,-0.0113410411309523
OZSARIKAYA2025,0.3087,0.28889081051587273,0.019809189484127243
OZSARIKAYA2025,0.3248,0.30493943720238037,0.019860562797619608
OZSARIKAYA2025,0.2135,0.24074957648809545,-0.02724957648809545
OZSARIKAYA2025,0.2319,0.2449333723214288,-0.013033372321428816
OZSARIKAYA2025,0.2539,0.25106387232142874,0.0028361276785712763
OZSARIKAYA2025,0.2346,0.22687039107142898,0.0077296089285710246
OZSARIKAYA2025,0.2441,0.23918992380952428,0.004910076190475732
OZSARIKAYA2025,0.2631,0.2470777154761907,0.0160222845238093
OZSARIKAYA2025,0.2484,0.23674375565476233,0.011656244345237682
OZSARIKAYA2025,0.2674,0.2497805035714287,0.01761949642857133
OZSARIKAYA2025,0.2759,0.25300449464285735,0.02289550535714263
OZSARIKAYA2025,0.1784,0.20928689791666646,-0.03088689791666646
OZSARIKAYA2025,0.1892,0.21905390208333317,-0.02985390208333316
OZSARIKAYA2025,0.1997,0.22063390922619022,-0.020933909226190234
OZSARIKAYA2025,0.1927,0.20214401984126945,-0.009444019841269441
OZSARIKAYA2025,0.2034,0.21319038125000042,-0.009790381250000424
OZSARIKAYA2025,0.2366,0.20656570972222177,0.030034290277778236
OZSARIKAYA2025,0.2182,0.21698403482142875,0.0012159651785712544
OZSARIKAYA2025,0.2245,0.21470667023809542,0.009793329761904584
OZSARIKAYA2025,0.2453,0.23200918065476234,0.013290819345237653
OZSARIKAYA2025,0.2051,0.23547462113095338,-0.030374621130953378
OZSARIKAYA2025,0.2211,0.24104939851190568,-0.01994939851190569
OZSARIKAYA2025,0.2335,0.2449199925595242,-0.011419992559524195
OZSARIKAYA2025,0.2225,0.2348912196428582,-0.012391219642858192
OZSARIKAYA2025,0.2355,0.23788500833333337,-0.0023850083333333827
OZSARIKAYA2025,0.2512,0.2504667413690483,0.0007332586309516942
OZSARIKAYA2025,0.2375,0.22949198799603188,0.008008012003968112
OZSARIKAYA2025,0.2531,0.25268734732142856,0.0004126526785714346
OZSARIKAYA2025,0.2651,0.2486444541666665,0.0164555458333335
PA66GFGREASE2020,0.048,0.06071992488067493,-0.01271992488067493
PA66GFGREASE2020,0.05,0.06266532841464083,-0.012665328414640825
PA66GFGREASE2020,0.052,0.0631342828282827,-0.011134282828282709
PA66GFGREASE2020,0.095,0.05330002813852833,0.041699971861471674
PA66GFGREASE2020,0.051,0.05330002813852833,-0.0023000281385283303
PA66GFGREASE2020,0.12,0.05352504861804855,0.06647495138195145
PA66GFGREASE2020,0.052,0.06964154870129881,-0.01764154870129881
PA66GFGREASE2020,0.048,0.06964154870129881,-0.021641548701298807
PA66GFGREASE2020,0.046,0.06823502010836405,-0.022235020108364048
PA66GFGREASE2020,0.05,0.06699364592352099,-0.016993645923520984
PA66GFGREASE2020,0.055,0.06082134154734126,-0.005821341547341256
PA66GFGREASE2020,0.058,0.06304914785908543,-0.005049147859085425
PA66GFGREASE2020,0.062,0.06286286147186104,-0.0008628614718610428
PA66GFGREASE2020,0.066,0.06699364592352099,-0.0009936459235209832
PA66GFGREASE2020,0.072,0.06304914785908543,0.008950852140914567
PA66TEMP2019,0.055,0.07341249999999998,-0.018412499999999977
PA66TEMP2019,0.062,0.09997529166666676,-0.03797529166666676
PA66TEMP2019,0.058,0.08488628869047629,-0.02688628869047629
PA66TEMP2019,0.054,0.055552869047618865,-0.0015528690476188656
PA66TEMP2019,0.051,0.05625555952380936,-0.005255559523809364
PA66TEMP2019,0.05,0.060555704996392595,-0.010555704996392593
PA66TEMP2019,0.048,0.061998862061549635,-0.013998862061549634
PA66TEMP2019,0.088,0.10614992857142892,-0.018149928571428928
PA66TEMP2019,0.082,0.08854166666666645,-0.006541666666666446
PA66TEMP2019,0.076,0.07230009347943706,0.0036999065205629428
PA66TEMP2019,0.071,0.07880967707292717,-0.007809677072927179
PA66TEMP2019,0.07,0.08409368681318682,-0.014093686813186818
PA66TEMP2019,0.065,0.08250049543512042,-0.017500495435120417
PA66TEMP2019,0.125,0.09442334618506504,0.030576653814934962
PA66TEMP2019,0.115,0.09839949267399267,0.016600507326007333
PA66TEMP2019,0.105,0.08905721279761926,0.015942787202380737
PA66TEMP2019,0.098,0.08729311904761924,0.01070688095238076
PA66TEMP2019,0.095,0.0954900833333335,-0.000490083333333502
PA66TEMP2019,0.088,0.09376106060606075,-0.0057610606060607555
PA6B2O32021,0.37,0.34017001325757584,0.029829986742424153
PA6B2O32021,0.26,0.1843985637499999,0.0756014362500001
PA6B2O32021,0.21,0.18797987672619015,0.02202012327380984
PA6B2O32021,0.19,0.18327065374999962,0.006729346250000379
PA6B2O32021,0.16,0.169073544583333,-0.00907354458333301
PA6B2O32021,0.15,0.1769041342857139,-0.026904134285713893
PA6B2O32021,0.14,0.18357289130952348,-0.043572891309523465
PA6PPS2015,0.38,0.4297741740630524,-0.0497741740630524
PA6PPS2015,0.42,0.40340738214285715,0.016592617857142833
PA6PPS2015,0.46,0.4463331666666674,0.013666833333332629
PA6PPS2015,0.36,0.3809834845238096,-0.020983484523809603
PA6PPS2015,0.4,0.38620425071311293,0.013795749286887093
PA6PPS2015,0.44,0.36437374623397495,0.07562625376602505
PA6PPS2015,0.37,0.3402091291666672,0.029790870833332816
PA6PPS2015,0.41,0.39269906155462225,0.017300938445377723
PA6PPS2015,0.47,0.36501962272207017,0.1049803772779298
PA6PPS2015,0.32,0.2913835208333335,0.028616479166666486
PA6PPS2015,0.35,0.35321239999999954,-0.00321239999999956
PA6PPS2015,0.42,0.37721986805555546,0.04278013194444452
PA6PPS2015,0.51,0.3933969583333336,0.11660304166666641
PA6PPS2015,0.48,0.4844480892857148,-0.004448089285714829
PA6PPS2015,0.49,0.48961376267626067,0.0003862373237393246
PA6PPS2015,0.44,0.4220334803571426,0.017966519642857393
PA6PPS2015,0.34,0.41024748928571414,-0.07024748928571412
PA6PPS2015,0.33,0.3369745030890804,-0.006974503089080375
PA6PPS2015,0.32,0.33904549642857107,-0.019045496428571063
PA6PPS2015,0.28,0.30203051428571437,-0.022030514285714342
PA6SiC2020,0.32,0.30813343589254044,0.011866564107459565
PA6SiC2020,0.35,0.34529325992063475,0.004706740079365224
PA6SiC2020,0.37,0.37057252956349207,-0.0005725295634920746
PA6SiC2020,0.39,0.41399208809523713,-0.02399208809523712
PA6SiC2020,0.32,0.3179821155381147,0.002017884461885333
PA6SiC2020,0.33,0.3198074935515856,0.010192506448414407
PA6SiC2020,0.31,0.3183891089285724,-0.00838910892857242
PA6SiC2020,0.34,0.3268552128968256,0.013144787103174405
PA6SiC2020,0.31,0.313167527777777,-0.0031675277777770128
PA6SiC2020,0.33,0.32429116944444275,0.005708830555557265
PA6SiC2020,0.3,0.3159625708333342,-0.01596257083333419
PA6SiC2020,0.32,0.33108687976190404,-0.011086879761904034
PA6SiC2020,0.3,0.2930884107142861,0.006911589285713893
PA6SiC2020,0.31,0.30419755753968286,0.0058024424603171365
PA6SiC2020,0.28,0.29387874404761893,-0.013878744047618907
PA6SiC2020,0.3,0.31461562440476265,-0.014615624404762662
PA6SiC2020,0.28,0.27617657023809444,0.0038234297619055835
PA6SiC2020,0.29,0.2926904815476194,-0.0026904815476194166
PA6SiC2020,0.27,0.27871097291666574,-0.008710972916665727
PA6SiC2020,0.29,0.30743626121031786,-0.017436261210317883
PA6TPU2015,0.43,0.33211347718253975,0.09788652281746024
PA6TPU2015,0.39,0.3578899474206347,0.032110052579365334
PA6TPU2015,0.33,0.3846627096730122,-0.05466270967301218
PA6TPU2015,0.35,0.38524383467301226,-0.035243834673012286
PA6TPU2015,0.35,0.44679179863192364,-0.09679179863192366
PA6TPU2015,0.59,0.4438663738095238,0.14613362619047615
PA6TPU2015,0.56,0.506291357855971,0.05370864214402904
PA6TPU2015,0.59,0.500382388095238,0.08961761190476192
PA6TPU2015,0.38,0.325390435515873,0.054609564484127016
PA6TPU2015,0.315,0.2894375833333321,0.02556241666666792
PA6TPU2015,0.326,0.28871085714285605,0.037289142857143964
PA6TPU2015,0.325,0.30802573742063416,0.01697426257936585
PALABIYIK2002,0.31,0.29949117939213593,0.010508820607864067
PALABIYIK2002,0.82,0.48768015531045805,0.3323198446895419
PALABIYIK2002,0.25,0.2557205289682538,-0.005720528968253813
PALABIYIK2002,0.22,0.20281770615079406,0.017182293849205943
PALABIYIK2002,0.17,0.22219699474206372,-0.05219699474206371
PALABIYIK2002,0.29,0.19880826924603198,0.091191730753968
PALABIYIK2002,0.24,0.26446745792124426,-0.024467457921244273
PALABIYIK2002,0.24,0.25528019719887834,-0.015280197198878354
PALABIYIK2002,0.27,0.24488493253968255,0.02511506746031747
PALABIYIK2002,0.19,0.26544844958791153,-0.07544844958791153
PALABIYIK2002,0.18,0.2080293456349207,-0.02802934563492071
PALABIYIK2002,0.17,0.21854168492063458,-0.04854168492063457
PALABIYIK2002,0.22,0.22279694107142986,-0.0027969410714298593
PMC2013,0.34,0.31298728214285715,0.027012717857142876
PMC2013,0.14,0.2718054848214288,-0.1318054848214288
PMC2013,0.09,0.12867257732142823,-0.03867257732142823
PMC2013,0.1,0.1316530123214282,-0.0316530123214282
PMC2013,0.11,0.11877299047619098,-0.008772990476190984
PMC2013,0.12,0.11485010238095197,0.005149897619048022
PMC2013,0.34,0.2561663433333335,0.08383365666666653
PMC2013,0.36,0.3117316764880951,0.04826832351190491
PMC2013,0.38,0.29115322499999985,0.08884677500000016
PMC2013,0.11,0.18352595041666653,-0.07352595041666653
PMC2013,0.16,0.15630867041666663,0.003691329583333375
PMC2013,0.23,0.14643157880952384,0.08356842119047617
PMC2013,0.12,0.18758793488095227,-0.06758793488095227
PMC2013,0.13,0.12510725416666674,0.004892745833333267
PMC2013,0.12,0.1315842827380949,-0.011584282738094892
PMC2013,0.2,0.19439532313492072,0.005604676865079289
RANDHAWA2020,0.2,0.2833201095238094,-0.08332010952380942
RANDHAWA2020,0.19,0.2192230285714278,-0.029223028571427806
RANDHAWA2020,0.19,0.2225259547619042,-0.0325259547619042
RANDHAWA2020,0.25,0.2569247377819553,-0.0069247377819552924
RANDHAWA2020,0.22,0.3004320415223667,-0.08043204152236669
RANDHAWA2020,0.2,0.2139809374999992,-0.01398093749999918
RANDHAWA2020,0.21,0.22530308928571421,-0.015303089285714222
RANDHAWA2020,0.26,0.257735505952381,0.0022644940476190256
RANDHAWA2020,0.25,0.3182506025973448,-0.06825060259734478
RANDHAWA2020,0.23,0.22284949107142765,0.007150508928572358
RANDHAWA2020,0.25,0.2262751130952375,0.023724886904762488
RANDHAWA2020,0.27,0.2614068925438602,0.008593107456139837
RANDHAWA2020,0.26,0.33625391269841254,-0.07625391269841253
RANDHAWA2020,0.23,0.24292302345938319,-0.012923023459383176
RANDHAWA2020,0.24,0.24186781454314296,-0.0018678145431429705
RANDHAWA2020,0.27,0.26960393088419565,0.000396069115804365
RANDHAWA2020,0.28,0.3715707741522368,-0.0915707741522368
RANDHAWA2020,0.25,0.25417354285714355,-0.004173542857143553
RANDHAWA2020,0.27,0.25137168878556726,0.018628311214432758
RANDHAWA2020,0.29,0.2769924320442823,0.01300756795571767
RANDHAWA2020,0.22,0.2673879583333338,-0.047387958333333785
RANDHAWA2020,0.2,0.2246185166666661,-0.02461851666666609
RANDHAWA2020,0.21,0.22408060119047646,-0.014080601190476466
RANDHAWA2020,0.25,0.2622934761904766,-0.012293476190476604
RANDHAWA2020,0.25,0.2757641775793648,-0.025764177579364778
RANDHAWA2020,0.23,0.21112432380952315,0.018875676190476864
RANDHAWA2020,0.24,0.22783314285714315,0.01216685714285684
RANDHAWA2020,0.27,0.25405581547619,0.015944184523810023
RSMPA662022,0.28,0.2535590375000001,0.026440962499999943
RSMPA662022,0.26,0.2887309902777784,-0.028730990277778368
RSMPA662022,0.28,0.2909042083333328,-0.010904208333332777
RSMPA662022,0.28,0.2818970449404761,-0.0018970449404761003
RSMPA662022,0.35,0.31995592916666643,0.030044070833333547
RSMPA662022,0.35,0.3021672366071433,0.04783276339285669
RSMPA662022,0.25,0.26725751250000035,-0.01725751250000035
RSMPA662022,0.34,0.32472730277777856,0.015272697222221465
RSMPA662022,0.37,0.3029663318452386,0.06703366815476142
RSMPA662022,0.15,0.20539060228174624,-0.05539060228174625
RSMPA662022,0.13,0.21036693749999982,-0.08036693749999982
RSMPA662022,0.28,0.21144081249999977,0.06855918750000026
RSMPA662022,0.18,0.2317303267857148,-0.05173032678571482
RSMPA662022,0.3409,0.2112663720238093,0.12963362797619069
RSMPA662022,0.31,0.2124356636904759,0.0975643363095241
RSMPA662022,0.13,0.24792106031746028,-0.11792106031746027
RSMPA662022,0.31,0.21227690059523785,0.09772309940476215
RSMPA662022,0.25,0.29493920238095334,-0.044939202380953336
SATHEESKUMAR2016,0.3,0.3244153005952385,-0.0244153005952385
SATHEESKUMAR2016,0.33,0.33524858229813675,-0.005248582298136739
SATHEESKUMAR2016,0.37,0.32545176923076885,0.044548230769231145
SATHEESKUMAR2016,0.38,0.38024583653864924,-0.0002458365386492356
SATHEESKUMAR2016,0.38,0.4024578408910532,-0.022457840891053182
SATHEESKUMAR2016,0.55,0.49196666827200664,0.05803333172799341
SATHEESKUMAR2016,0.29,0.3048001365914788,-0.01480013659147883
SATHEESKUMAR2016,0.31,0.3135387440476205,-0.003538744047620501
SATHEESKUMAR2016,0.35,0.32873823711779,0.02126176288220999
SATHEESKUMAR2016,0.37,0.34626442710622646,0.023735572893773538
SATHEESKUMAR2016,0.37,0.35345488871337033,0.016545111286629666
SATHEESKUMAR2016,0.55,0.5113303904761898,0.03866960952381027
SATHEESKUMAR2016,0.29,0.29275120343137284,-0.0027512034313728617
SATHEESKUMAR2016,0.3,0.30978033081232537,-0.009780330812325377
SATHEESKUMAR2016,0.34,0.3280740958333329,0.011925904166667112
SATHEESKUMAR2016,0.36,0.3506636654761918,0.009336334523808165
SATHEESKUMAR2016,0.36,0.350937339285714,0.009062660714285964
SATHEESKUMAR2016,0.54,0.5164568994047597,0.02354310059524034
SATHEESKUMAR2016,0.28,0.28912260238095283,-0.009122602380952805
SATHEESKUMAR2016,0.29,0.2978838848410356,-0.007883884841035638
SATHEESKUMAR2016,0.34,0.3241104642857151,0.01588953571428492
SATHEESKUMAR2016,0.35,0.34177819859022635,0.008221801409773632
SATHEESKUMAR2016,0.34,0.35770705860879937,-0.017707058608799342
SATHEESKUMAR2016,0.54,0.5136220994047601,0.026377900595239923
SATHEESKUMAR2016,0.27,0.2748843944111445,-0.004884394411144466
SATHEESKUMAR2016,0.28,0.29470044345238083,-0.014700443452380807
SATHEESKUMAR2016,0.32,0.3037959464285702,0.01620405357142979
SATHEESKUMAR2016,0.34,0.30574685714285754,0.03425314285714248
SATHEESKUMAR2016,0.33,0.3410444271825397,-0.011044427182539673
SATHEESKUMAR2016,0.54,0.478260775297618,0.06173922470238202
SATHEESKUMAR2016,0.28,0.2838375355742299,-0.003837535574229889
SATHEESKUMAR2016,0.3,0.3094194621102566,-0.009419462110256627
SATHEESKUMAR2016,0.32,0.33969358333333477,-0.019693583333334763
SATHEESKUMAR2016,0.36,0.360126083333334,-0.0001260833333340261
SATHEESKUMAR2016,0.35,0.35860669474823476,-0.008606694748234778
SATHEESKUMAR2016,0.53,0.521851523809525,0.008148476190474985
SATHEESKUMAR2016,0.29,0.28335453795518234,0.0066454620448176405
SATHEESKUMAR2016,0.32,0.31034091890756416,0.00965908109243585
SATHEESKUMAR2016,0.35,0.3362594630994107,0.013740536900589295
SATHEESKUMAR2016,0.37,0.3599872670038404,0.010012732996159568
SATHEESKUMAR2016,0.36,0.3543269821428574,0.0056730178571425816
SATHEESKUMAR2016,0.54,0.5262278035714276,0.013772196428572414
SATHEESKUMAR2016,0.26,0.26913095803571485,-0.009130958035714842
SATHEESKUMAR2016,0.28,0.30088606666666773,-0.020886066666667702
SATHEESKUMAR2016,0.32,0.31883986111111023,0.0011601388888897723
SATHEESKUMAR2016,0.33,0.33720479947137333,-0.007204799471373313
SATHEESKUMAR2016,0.32,0.33155407547387805,-0.011554075473878045
SATHEESKUMAR2016,0.51,0.5211854365079374,-0.011185436507937352
SATHEESKUMAR2016,0.26,0.26625481012701757,-0.006254810127017563
SATHEESKUMAR2016,0.29,0.28328367857142817,0.006716321428571814
SATHEESKUMAR2016,0.31,0.313257708333333,-0.003257708333332998
SATHEESKUMAR2016,0.28,0.32805492340225567,-0.048054923402255645
SATHEESKUMAR2016,0.33,0.33706381845238076,-0.0070638184523807435
SATHEESKUMAR2016,0.53,0.5189287698412707,0.01107123015872935
SATHEESKUMAR2016b,0.3,0.32557192857142847,-0.02557192857142848
SATHEESKUMAR2016b,0.33,0.34155314880952375,-0.011553148809523739
SATHEESKUMAR2016b,0.37,0.32545176923076885,0.044548230769231145
SATHEESKUMAR2016b,0.38,0.37196317514429966,0.008036824855700342
SATHEESKUMAR2016b,0.38,0.4172566904761904,-0.0372566904761904
SATHEESKUMAR2016b,0.55,0.4804379400740038,0.06956205992599623
SATHEESKUMAR2016b,0.28,0.2880867354010017,-0.008086735401001688
SATHEESKUMAR2016b,0.3,0.3118777077505824,-0.01187770775058239
SATHEESKUMAR2016b,0.32,0.3363017261904775,-0.016301726190477484
SATHEESKUMAR2016b,0.36,0.3525413443847927,0.00745865561520731
SATHEESKUMAR2016b,0.35,0.35578392071197434,-0.005783920711974366
SATHEESKUMAR2016b,0.53,0.5312407023809499,-0.0012407023809498652
SATHEESKUMAR2016b,0.29,0.2893410568295729,0.0006589431704270843
SATHEESKUMAR2016b,0.32,0.3077618345238105,0.0122381654761895
SATHEESKUMAR2016b,0.35,0.3297992630952374,0.020200736904762595
SATHEESKUMAR2016b,0.37,0.36169188559199406,0.00830811440800594
SATHEESKUMAR2016b,0.36,0.3543269821428574,0.0056730178571425816
SATHEESKUMAR2016b,0.54,0.5246213988095253,0.015378601190474739
SATHEESKUMAR2016b,0.26,0.26671236594202924,-0.00671236594202923
SATHEESKUMAR2016b,0.28,0.30088606666666773,-0.020886066666667702
SATHEESKUMAR2016b,0.32,0.32063187499999946,-0.0006318749999994488
SATHEESKUMAR2016b,0.33,0.3164556908867007,0.013544309113299291
SATHEESKUMAR2016b,0.32,0.33548872023809506,-0.015488720238095055
SATHEESKUMAR2016b,0.51,0.5213158333333364,-0.011315833333336411
SATHEESKUMAR2016b,0.26,0.26841756547619017,-0.008417565476190159
SATHEESKUMAR2016b,0.29,0.28328367857142817,0.006716321428571814
SATHEESKUMAR2016b,0.31,0.3120004166666659,-0.002000416666665894
SATHEESKUMAR2016b,0.28,0.32805492340225567,-0.048054923402255645
SATHEESKUMAR2016b,0.33,0.33706381845238076,-0.0070638184523807435
SATHEESKUMAR2016b,0.53,0.5148479940476218,0.0151520059523782
SATHEESKUMAR2016b,0.28,0.2759335250000002,0.004066474999999847
SATHEESKUMAR2016b,0.3,0.2840681577380948,0.015931842261905194
SATHEESKUMAR2016b,0.32,0.31221039583333254,0.007789604166667463
SATHEESKUMAR2016b,0.34,0.3287142448308271,0.011285755169172906
SATHEESKUMAR2016b,0.34,0.34564148511904697,-0.005641485119046941
SATHEESKUMAR2016b,0.53,0.5186245059523839,0.011375494047616175
SICPA62020,0.32,0.32042058095238124,-0.00042058095238123316
SICPA62020,0.35,0.34913121482684045,0.0008687851731595253
SICPA62020,0.37,0.36189641726190497,0.008103582738095028
SICPA62020,0.42,0.40269660952381076,0.01730339047618923
SICPA62020,0.32,0.31446659523809456,0.005533404761905447
SICPA62020,0.33,0.3198074935515856,0.010192506448414407
SICPA62020,0.31,0.3117596460095912,-0.0017596460095912203
SICPA62020,0.34,0.330055768650793,0.009944231349207022
SICPA62020,0.31,0.313167527777777,-0.0031675277777770128
SICPA62020,0.33,0.3258685049546217,0.004131495045378297
SICPA62020,0.3,0.3159625708333342,-0.01596257083333419
SICPA62020,0.32,0.33184099047618987,-0.011840990476189861
SICPA62020,0.29,0.30247106309523775,-0.012471063095237767
SICPA62020,0.32,0.30375521944444456,0.01624478055555545
SICPA62020,0.28,0.296739277976191,-0.016739277976190958
SICPA62020,0.31,0.3005575863095236,0.009442413690476381
SICPA62020,0.27,0.28709701666666804,-0.01709701666666802
SICPA62020,0.3,0.2825235267857142,0.017476473214285804
SICPA62020,0.26,0.2881389403769839,-0.02813894037698389
SICPA62020,0.3,0.29339749880952276,0.006602501190477228
SILICAPA62020,0.35,0.3834076899751818,-0.03340768997518184
SILICAPA62020,0.38,0.3786304037698411,0.0013695962301589204
SILICAPA62020,0.42,0.4335004761904769,-0.013500476190476896
SILICAPA62020,0.34,0.3376509592822636,0.0023490407177364503
SILICAPA62020,0.37,0.3751557399891778,-0.005155739989177788
SILICAPA62020,0.41,0.4371540702380953,-0.02715407023809535
SILICAPA62020,0.33,0.3219072807539681,0.008092719246031943
SILICAPA62020,0.36,0.3622220344806767,-0.0022220344806767045
SILICAPA62020,0.4,0.4047582224747476,-0.004758222474747553
SILICAPA62020,0.28,0.31245970181156435,-0.03245970181156432
SILICAPA62020,0.31,0.3485353282738099,-0.0385353282738099
SILICAPA62020,0.35,0.34747293749999947,0.00252706250000051
SILICAPA62020,0.27,0.2766333034816266,-0.006633303481626607
SILICAPA62020,0.3,0.2859811805758154,0.014018819424184592
SILICAPA62020,0.34,0.31359889686369447,0.02640110313630556
SILICAPA62020,0.26,0.27319709514829343,-0.013197095148293425
SILICAPA62020,0.29,0.28486073127289374,0.005139268727106239
SILICAPA62020,0.33,0.3115464914415446,0.0184535085584554
SILICAPA62020,0.25,0.2986873363922611,-0.04868733639226108
SILICAPA62020,0.28,0.34732552202380984,-0.06732552202380981
SILICAPA62020,0.32,0.3694146691666663,-0.049414669166666314
SILICAPA62020,0.24,0.25300033302004954,-0.013000333020049548
SILICAPA62020,0.27,0.2814679235347983,-0.011467923534798308
SILICAPA62020,0.31,0.33022734107142815,-0.02022734107142815
SILICAPA62020,0.23,0.2583856458916902,-0.02838564589169021
SILICAPA62020,0.26,0.28264315498335224,-0.02264315498335223
SILICAPA62020,0.3,0.3267192184523806,-0.026719218452380622
SILICAPA62020,0.21,0.25898320084033555,-0.048983200840335556
SILICAPA62020,0.24,0.2883302933712121,-0.048330293371212085
SILICAPA62020,0.28,0.35012707222222167,-0.07012707222222164
SILICAPA62020,0.21,0.24092319125457887,-0.030923191254578875
SILICAPA62020,0.23,0.271670404310967,-0.041670404310966996
SILICAPA62020,0.27,0.31527220317460275,-0.04527220317460273
SILICAPA62020,0.2,0.240453128754579,-0.04045312875457899
SILICAPA62020,0.22,0.2714214251443005,-0.05142142514430051
SILICAPA62020,0.26,0.3136557406746028,-0.05365574067460277
UNAL2012,0.25,0.308941651388889,-0.058941651388889016
UNAL2012,0.3,0.31049822440476194,-0.010498224404761947
UNAL2012,0.35,0.33173311845238046,0.018266881547619518
UNAL2012,0.28,0.3206630392586583,-0.04066303925865827
UNAL2012,0.32,0.33042563888888915,-0.010425638888889144
UNAL2012,0.37,0.354141714285714,0.01585828571428599
UNAL2012,0.3,0.33371530138888916,-0.033715301388889174
UNAL2012,0.35,0.3438005613095235,0.006199438690476455
UNAL2012,0.4,0.3612473470238092,0.03875265297619085
UNAL2012,0.2,0.25268066607142836,-0.05268066607142835
UNAL2012,0.25,0.2669344577380954,-0.016934457738095376
UNAL2012,0.3,0.2897057777777772,0.010294222222222815
UNAL2012,0.24,0.25869265476190495,-0.01869265476190496
UNAL2012,0.27,0.2605002791666661,0.009499720833333891
UNAL2012,0.32,0.3019626125000001,0.01803738749999989
UNAL2012,0.27,0.2547122373015868,0.015287762698413199
UNAL2012,0.3,0.27105414166666597,0.028945858333334018
UNAL2012,0.35,0.31896628472222194,0.03103371527777804
UNAL2012,0.15,0.20913194880952332,-0.05913194880952333
UNAL2012,0.18,0.2224865946428572,-0.0424865946428572
UNAL2012,0.22,0.2500829654761903,-0.0300829654761903
UNAL2012,0.18,0.19997816190476242,-0.019978161904762426
UNAL2012,0.21,0.2128069842261904,-0.002806984226190412
UNAL2012,0.25,0.2293533924603177,0.02064660753968231
UNAL2012,0.2,0.2051721934523807,-0.00517219345238068
UNAL2012,0.23,0.2103043952380957,0.019695604761904323
UNAL2012,0.28,0.274116061607143,0.005883938392857002
UNAL2012,0.18,0.1785956120238098,0.0014043879761901912
UNAL2012,0.18,0.18642496321428606,-0.006424963214286067
UNAL2012,0.19,0.1936277203571433,-0.003627720357143288
UNAL2012,0.18,0.18085224839285685,-0.000852248392856858
UNAL2012,0.18,0.183353267142857,-0.003353267142856997
UNAL2012,0.19,0.18075232440476224,0.009247675595237759
UNAL2012,0.18,0.18181325672619011,-0.0018132567261901211
UNAL2012,0.18,0.17847480208333363,0.0015251979166663598
UNAL2012,0.19,0.18836686773809486,0.0016331322619051458
UNAL2013,0.33,0.3364493343794516,-0.00644933437945161
UNAL2013,0.3,0.33149211726190453,-0.03149211726190454
UNAL2013,0.29,0.336741417712785,-0.046741417712785005
UNAL2013,0.45,0.40778106240079315,0.04221893759920686
UNAL2013,0.44,0.4437121766009851,-0.0037121766009851065
UNAL2013,0.42,0.45946909464285796,-0.03946909464285797
UNAL2013,0.12,0.20120266708333368,-0.08120266708333368
UNAL2013,0.12,0.18046049500000008,-0.060460495000000086
UNAL2013,0.1,0.1658203168452381,-0.06582031684523809
UNAL2013,0.26,0.17980418253787872,0.08019581746212129
UNAL2013,0.23,0.20391312261904773,0.026086877380952278
UNAL2013,0.22,0.21336428690476214,0.006635713095237861
UNAL2013,0.16,0.31442045565476207,-0.15442045565476206
UNAL2023,0.98,0.6290133556998537,0.35098664430014626
UNAL2023,0.65,0.5385445853174617,0.11145541468253828
UNAL2023,0.6,0.5422335935897431,0.057766406410256876
UNAL2023,0.83,0.682717494047619,0.14728250595238102
UNAL2023,0.55,0.5320690833333326,0.017930916666667462
UNAL2023,0.5,0.516289591666666,-0.016289591666665992
UNAL2023,0.72,0.7267913611111119,-0.006791361111111893
UNAL2023,0.5,0.4952458749999999,0.004754125000000109
UNAL2023,0.4,0.45162916666666775,-0.051629166666667725
UNAL2023,0.63,0.7227821964285717,-0.09278219642857166
UNAL2023,0.45,0.44541758333333165,0.004582416666668365
UNAL2023,0.36,0.477050160714284,-0.11705016071428404
UNAL2023,0.18,0.1350903958333336,0.044909604166666395
UNAL2023,0.14,0.13560254107142863,0.004397458928571379
UNAL2023,0.11,0.1209183922619049,-0.0109183922619049
UNAL2023,0.09,0.09869805357142872,-0.008698053571428721
UNAL2023,0.08,0.08270790464285732,-0.00270790464285732
UNAL2023,0.075,0.09577614166666683,-0.02077614166666683
UNAL2023,0.07,0.07275843750000027,-0.002758437500000266
UNAL2023,0.16,0.15101072500000057,0.008989274999999436
UNAL2023,0.12,0.14325198214285714,-0.023251982142857147
UNAL2023,0.09,0.1178007642857143,-0.027800764285714305
UNAL2023,0.085,0.09284103952380937,-0.007841039523809365
UNAL2023,0.075,0.07920614970238093,-0.0042061497023809374
UNAL2023,0.07,0.0931518750000001,-0.0231518750000001
UNAL2023,0.065,0.07384157023809526,-0.008841570238095259
UYSAL2024,0.34,0.3002704255723436,0.0397295744276564
UYSAL2024,0.33,0.3002704255723436,0.02972957442765639
UYSAL2024,0.289,0.2878828926388883,0.0011171073611117022
UYSAL2024,0.298,0.29957653166666565,-0.0015765316666656592
UYSAL2024,0.286,0.30646737005952285,-0.02046737005952287
UYSAL2024,0.302,0.3047889920833324,-0.0027889920833323867
UYSAL2024,0.341,0.3024251066666658,0.03857489333333425
VAIDYA2022,0.562,0.3421437176587294,0.21985628234127064
VAIDYA2022,0.367,0.4270040864087303,-0.060004086408730284
VAIDYA2022,0.39,0.40188281507936496,-0.01188281507936495
VAIDYA2022,0.414,0.40437480059523884,0.009625199404761142
VAIDYA2022,0.377,0.4562622878968259,-0.07926228789682588
VAIDYA2022,0.4,0.42513202261904853,-0.02513202261904851
VAIDYA2022,0.338,0.44139922321428576,-0.10339922321428574
VAIDYA2022,0.584,0.41787046607142925,0.16612953392857072
VAIDYA2022,0.548,0.4295076108134912,0.11849238918650884
VAIDYA2022,0.326,0.5270433132936507,-0.20104331329365072
VAIDYA2022,0.482,0.4710414791666669,0.010958520833333096
VAIDYA2022,0.49,0.4689810434523815,0.021018956547618484
VAIDYA2022,0.74,0.5514914107142875,0.18850858928571246
VAIDYA2022,0.51,0.6344449047619027,-0.12444490476190273
VAIDYA2022,0.63,0.5706344916666687,0.05936550833333132
VAIDYA2022,0.597,0.6280697380952358,-0.031069738095235833
VAIDYA2022,0.642,0.5723440000000022,0.06965599999999783
VAIDYA2022,0.58,0.5938373452380935,-0.013837345238093546
VIKRAM2024,0.5,0.36166826046176,0.13833173953824002
VIKRAM2024,0.58,0.5319754347041852,0.04802456529581478
VIKRAM2024,0.65,0.5987598264684667,0.05124017353153332
VIKRAM2024,0.55,0.44846327182539675,0.1015367281746033
VIKRAM2024,0.62,0.558119422619048,0.061880577380951984
VIKRAM2024,0.7,0.6072774946356349,0.0927225053643651
VIKRAM2024,0.52,0.47328278333333335,0.04671721666666667
VIKRAM2024,0.59,0.5532369880952372,0.03676301190476272
VIKRAM2024,0.68,0.5992979009985102,0.08070209900148984
VIKRAM2024,0.25,0.2985997321428559,-0.0485997321428559
VIKRAM2024,0.28,0.3266748977272717,-0.04667489772727168
VIKRAM2024,0.3,0.3723616314102572,-0.0723616314102572
VIKRAM2024,0.27,0.2858451751984125,-0.015845175198412498
VIKRAM2024,0.31,0.2951607321428562,0.01483926785714379
VIKRAM2024,0.33,0.3601162213203456,-0.030116221320345582
VIKRAM2024,0.24,0.30581729136904656,-0.06581729136904657
VIKRAM2024,0.27,0.3356154511904753,-0.0656154511904753
VIKRAM2024,0.29,0.36434104404761924,-0.07434104404761926
VIKRAM2024,0.35,0.3196242669642859,0.03037573303571406
VIKRAM2024,0.38,0.3314643154761912,0.0485356845238088
VIKRAM2024,0.4,0.36601973883053224,0.033980261169467785
VIKRAM2024,0.37,0.33104695099206305,0.038953049007936946
VIKRAM2024,0.4,0.33563714880952433,0.06436285119047569
VIKRAM2024,0.43,0.36351101701680727,0.06648898298319272
VIKRAM2024,0.34,0.32310721815476207,0.01689278184523796
VIKRAM2024,0.37,0.33283248214285777,0.03716751785714223
VIKRAM2024,0.39,0.38745485714285627,0.002545142857143745
VIKRAM2024,0.28,0.29329068809523795,-0.013290688095237924
VIKRAM2024,0.31,0.32089896428571424,-0.010898964285714241
VIKRAM2024,0.34,0.366156475198412,-0.026156475198411966
VIKRAM2024,0.3,0.2846865958333341,0.015313404166665878
VIKRAM2024,0.33,0.3216410422619043,0.008358957738095696
VIKRAM2024,0.36,0.3696147803932171,-0.009614780393217115
VIKRAM2024,0.27,0.29238417559523816,-0.022384175595238143
VIKRAM2024,0.3,0.31901410059523766,-0.01901410059523767
VIKRAM2024,0.33,0.3690424464285716,-0.039042446428571576
WALCZAK2022,0.071,0.21861941666666646,-0.14761941666666645
WALCZAK2022,0.119,0.17558822499999976,-0.05658822499999977
WALCZAK2022,0.261,0.15421412294372305,0.10678587705627696
WALCZAK2022,0.117,0.20168977537878824,-0.08468977537878823
WALCZAK2022,0.273,0.19421176666666656,0.07878823333333346
WALCZAK2022,0.321,0.21781670833333308,0.10318329166666693
WALCZAK2022,0.141,0.24659131130952427,-0.10559131130952429
WALCZAK2022,0.277,0.2070582333333333,0.06994176666666671
WANG2018,0.141,0.16225767702380992,-0.02125767702380993
WANG2018,0.161,0.15783498744047667,0.003165012559523339
WANG2018,0.088,0.09983405122549001,-0.011834051225490014
WANG2018,0.148,0.17346944327381,-0.02546944327381001
WANG2018,0.185,0.1682510807738101,0.0167489192261899
WANG2018,0.1,0.11039010113095238,-0.010390101130952373
WANG2018,0.165,0.17548463734561953,-0.010484637345619524
WANG2018,0.224,0.1796611179761911,0.044338882023808895
WANG2018,0.118,0.12217148625,-0.004171486250000009
WANG2018,0.174,0.1953702855357147,-0.02137028553571471
WANG2018,0.235,0.18798966261904812,0.04701033738095187
WANG2018,0.136,0.1251219545588231,0.010878045441176903
WANG2018,0.186,0.16775162175595215,0.018248378244047847
WANG2018,0.21,0.17065382202380971,0.03934617797619028
WANG2018,0.114,0.10080730803571375,0.013192691964286254
WANG2018,0.162,0.1742995741711762,-0.012299574171176192
WANG2018,0.188,0.17819062321428544,0.009809376785714558
WANG2018,0.096,0.11117329761904755,-0.015173297619047552
WANG2018,0.118,0.15087350548115133,-0.03287350548115134
WANG2018,0.142,0.1465757142857147,-0.00457571428571471
WANG2018,0.065,0.10585287500000014,-0.040852875000000136
WOLLASTONITE2014,0.34,0.280024158333334,0.05997584166666603
WOLLASTONITE2014,0.48,0.3167095884920628,0.16329041150793716
WOLLASTONITE2014,0.58,0.4320617005952382,0.14793829940476177
WOLLASTONITE2014,0.26,0.2973562680124225,-0.03735626801242248
WOLLASTONITE2014,0.36,0.3052037242063484,0.054796275793651594
WOLLASTONITE2014,0.57,0.41965872426046147,0.15034127573953848
WOLLASTONITE2014,0.19,0.29337952280219737,-0.10337952280219737
WOLLASTONITE2014,0.24,0.37887581643217877,-0.13887581643217878
WOLLASTONITE2014,0.32,0.47253626190476233,-0.15253626190476233
WOLLASTONITE2014,0.13,0.19153201376984133,-0.061532013769841326
WOLLASTONITE2014,0.29,0.18115942162698406,0.10884057837301592
WOLLASTONITE2014,0.41,0.21590001279761892,0.19409998720238106
WOLLASTONITE2014,0.09,0.15700249196428603,-0.06700249196428604
WOLLASTONITE2014,0.15,0.1848043461309526,-0.034804346130952596
WOLLASTONITE2014,0.25,0.14887016904761882,0.10112983095238118
WOLLASTONITE2014,0.05,0.11733423541666685,-0.06733423541666685
WOLLASTONITE2014,0.09,0.10517633630952399,-0.015176336309523988
WOLLASTONITE2014,0.12,0.1501639958333334,-0.0301639958333334
WOLLASTONITE2014,0.12,0.187270417857143,-0.067270417857143
WOLLASTONITE2014,0.18,0.20977247964285714,-0.029772479642857147
WOLLASTONITE2014,0.21,0.17621390546130958,0.033786094538690414
WOLLASTONITE2014,0.07,0.11079679416666682,-0.04079679416666682
WOLLASTONITE2014,0.1,0.1253143543650798,-0.025314354365079783
WOLLASTONITE2014,0.13,0.14167923297619064,-0.01167923297619064
WOLLASTONITE2014,0.05,0.08661154458333341,-0.036611544583333405
WOLLASTONITE2014,0.06,0.0873788262500001,-0.0273788262500001
WOLLASTONITE2014,0.07,0.13672016398809506,-0.06672016398809505
YOU2014,0.544,0.300556396765873,0.24344360323412706
YOU2014,0.28,0.2219968055952382,0.058003194404761815
YOU2014,0.22,0.21679953464285717,0.0032004653571428288
YOU2014,0.18,0.19763703357142867,-0.01763703357142868
YOU2014,0.165,0.2207909052777782,-0.05579090527777819
YOU2014,0.12,0.14661830255952357,-0.026618302559523577
YOU2014,0.086,0.11514331011904767,-0.02914331011904768
YOU2014,0.08,0.1059582235119047,-0.0259582235119047
YOU2014,0.075,0.13660430499999987,-0.06160430499999987
YOU2014,0.58,0.38476551946428594,0.19523448053571402
YOU2014,0.62,0.45282203974206253,0.16717796025793746
YOU2014,0.65,0.5153563958333346,0.13464360416666543
YOU2014,0.68,0.46308942083333227,0.21691057916666778
YOU2014,0.17,0.2997649621031742,-0.1297649621031742
YOU2014,0.21,0.12729312575396812,0.08270687424603188
YOU2014,0.128,0.146173087202381,-0.018173087202381005
YOU2014,0.25,0.41032335019841265,-0.16032335019841265
YOU2014,0.19,0.25424683343253945,-0.06424683343253945
YOU2014,0.13,0.1426827654761908,-0.012682765476190794
YOU2014,0.125,0.14030932327380938,-0.015309323273809378
YOU2014,0.122,0.14517776482142855,-0.023177764821428554
YOU2014,0.126,0.14249056886904773,-0.016490568869047734
YOU2014,0.124,0.13345126476190491,-0.009451264761904915
YOU2014,0.12,0.14182184863095249,-0.02182184863095249
ZAGHLOUL2023,0.878,0.8458832797619038,0.0321167202380962
ZAGHLOUL2023,0.857,0.8468162916666683,0.010183708333331709
ZAGHLOUL2023,0.835,0.8264012499999993,0.008598750000000654
ZAGHLOUL2023,0.812,0.8364332083333318,-0.024433208333331735
ZAGHLOUL2023,0.745,0.6850686071428591,0.059931392857140886
ZAGHLOUL2023,0.728,0.7496639999999973,-0.021663999999997352
ZAGHLOUL2023,0.71,0.7105584999999996,-0.0005584999999996842
ZAGHLOUL2023,0.692,0.693167708333336,-0.001167708333336015
ZAGHLOUL2023,0.79,0.8408294583333334,-0.05082945833333341
ZAGHLOUL2023,0.835,0.838692526785714,-0.0036925267857140787
ZAGHLOUL2023,0.92,0.8465619047619071,0.07343809523809297
ZAGHLOUL2023,0.985,0.8163053809523803,0.16869461904761973
ZAGHLOUL2023,0.675,0.7394011666666649,-0.06440116666666484
ZAGHLOUL2023,0.71,0.7476691249999984,-0.037669124999998416
ZAGHLOUL2023,0.76,0.7776849166666682,-0.01768491666666816
ZAGHLOUL2023,0.85,0.6967007797619043,0.15329922023809572
ZAVRAZHIN2025,0.196,0.3021384161319073,-0.10613841613190728
ZAVRAZHIN2025,0.168,0.16065511190476173,0.007344888095238283
ZAVRAZHIN2025,0.151,0.17322696111111047,-0.02222696111111047
ZAVRAZHIN2025,0.161,0.1737504923611105,-0.012750492361110505
ZAVRAZHIN2025,0.157,0.1737504923611105,-0.01675049236111051
ZAVRAZHIN2025,0.174,0.17510596736111048,-0.001105967361110488
ZAVRAZHIN2025,0.157,0.16877173692279893,-0.011771736922798925
ZAVRAZHIN2025,0.174,0.1866177679563485,-0.012617767956348502
ZAVRAZHIN2025,0.169,0.1866177679563485,-0.01761776795634848
ZAVRAZHIN2025,0.186,0.18801249676406853,-0.002012496764068533
ZAVRAZHIN2025,0.156,0.19855322113095158,-0.042553221130951585
ZHOU2018,0.283,0.18103178134453737,0.1019682186554626
ZHOU2018,0.276,0.24719540827380881,0.02880459172619121
ZHOU2018,0.266,0.2475856750000011,0.018414324999998927
ZHOU2018,0.252,0.252508495833333,-0.0005084958333330114
ZHOU2018,0.235,0.25582112499999865,-0.020821124999998664
ZHOU2018,0.243,0.2475856750000011,-0.004585675000001094
