Feature,Mean_Importance,Std_Importance
counterface,0.5700939019773151,0.12079766137753181
environment,0.21938463986835047,0.041219811567302145
other_component_count,0.09439932118720992,0.022957237283172543
distance_m,0.08393004099101817,0.01123998677131552
humidity_available,0.03455968749698194,0.00626890858155744
temperature_available,0.034061675160768794,0.013935500249177238
pa66_fraction,0.02202416732886898,0.022101319094998444
test_type,0.02157504805119924,0.004621877898111335
fabrication,0.019900745274668497,0.008500385896010342
other_lubricant_count,0.01917194592039003,0.012318004646688205
log_distance,0.019028777020702853,0.006633590948246155
log_PV,0.01420629940986749,0.0069273521390776725
load_speed_product,0.013414843473652262,0.005387120328781354
pa6_pct,0.012548509941501132,0.007688415175823738
filler_type_count,0.012494666134635773,0.007734745056217256
pa66_pct,0.011181852916835738,0.006476201198450017
gf_present,0.008783254419603512,0.002857026212743319
pa6_dominant,0.007843178710163823,0.014200795111288743
temperature_C,0.007078269332878424,0.005610752239450905
pa6_fraction,0.006412188287808864,0.009973476779944885
other_reinforcement_count,0.005078034464839667,0.0029473636232479686
log_load,0.004493806042890451,0.007271972539711341
mos2_temperature_interaction,0.0029022946914042213,0.003855882410257432
matrix_pct_sq,0.0027523205236057537,0.004867178827859628
other_total_pct,0.002240803496433617,0.0012906870252787101
main_filler_type_count,0.0019809987038095843,0.001859197570894369
mos2_matrix_interaction,0.0014711929479480767,0.002835753162234606
matrix_pct,0.0013030913112982835,0.0032295813291427743
mos2_speed_interaction,0.0011424846494552244,0.0018639558231563747
hybrid_composite,0.0010785245987983494,0.0013406270816730874
other_nanofiller_count,0.00097562216343396,0.0009694896841379002
gf_matrix_interaction,0.0009431450882201587,0.001257335775817682
PV_factor,0.0008584339356435234,0.0008292607368080929
multiple_filler_system,0.0008507346581984309,0.000923895068726384
graphite_load_interaction,0.0006092536786035696,0.0006154613601980274
mos2_pct,0.000602337315305026,0.002025908905700436
load_humidity_interaction,0.0005978589900071319,0.004715455575648464
mos2_pct_sq,0.0005964659910737203,0.002250020477203651
total_filler_pct,0.0005923899696978418,0.0010163779118818566
filler_matrix_ratio,0.0005585500817867617,0.0007620667783539741
glass_fiber_pct,0.0005307582984293369,0.0007839229355252437
gf_speed_interaction,0.0005015733911193454,0.0006634372354703365
gf_temperature_interaction,0.0004961675065424842,0.0008430211524543912
gf_humidity_interaction,0.0004365146974385681,0.0006582957024350728
gf_load_interaction,0.0004326157242684748,0.0006958682402271554
composition_gap,0.00040798241306085894,0.000698024028720299
gf_matrix_ratio,0.00039679262724781064,0.0007739450104089967
mos2_present,0.0003700745234270153,0.0006588987625365772
mos2_matrix_ratio,0.0003196014670329994,0.0018472477218103728
reported_composition_pct,0.00025920085009754955,0.0008994307671694636
known_filler_pct,0.00021857494623137353,0.0007226385846953003
other_nanofiller_pct,0.00017473944561623432,0.0005193521610261472
total_filler_pct_sq,0.00014274100938175936,0.0010317097333672727
other_lubricant_pct,0.00014089949497769985,0.0008153895280456687
gf_pct_sq,9.182132832223908e-05,0.000635017603308821
graphite_speed_interaction,6.94357642626331e-05,0.0002286588345570948
load_N,4.095654365205113e-05,0.004918504631917159
log_speed,3.0983526922905405e-05,0.004940892004917927
gf_graphite_interaction,8.816077015447732e-06,5.592641854510193e-05
gf_mos2_interaction,1.1308261262499287e-07,1.626956329449033e-07
graphite_mos2_interaction,1.7763568394002505e-17,3.9720546451956374e-17
other_reinforcement_pct,-1.3327366087620982e-05,0.00024120015828823257
mos2_load_interaction,-2.8447248363763204e-05,0.0006774683180193296
graphite_pct_sq,-0.00028124824934240957,0.0007950524709518991
graphite_temperature_interaction,-0.0002909730638829222,0.0008252672055193132
load_temperature_interaction,-0.00034271018402857404,0.005036563034029536
graphite_matrix_interaction,-0.0004056871468948842,0.0010437244124697819
graphite_matrix_ratio,-0.00040759346725847577,0.0010866607960677375
graphite_pct,-0.0004132085767707005,0.0010769811734484085
graphite_present,-0.0005406605772112094,0.0014273931609460034
speed_ms,-0.0010067845887676086,0.003537372911684338
speed_humidity_interaction,-0.0013226868935183767,0.003448983387321645
speed_load_ratio,-0.0013790421409703637,0.008605186688570366
load_speed_ratio,-0.0013948135259973557,0.014950106891309312
humidity_pct,-0.0016040024592862468,0.0024888768428373113
speed_temperature_interaction,-0.0017057379483870609,0.003474863918632863
