Target,Rank,Model,OOF_R2,MAE,RMSE,Fold_R2_Mean,Fold_R2_Std,Baseline_R2,Delta_R2_vs_Ridge,Pct_Gain_over_Baseline
CoF,1,XGBoost (Tuned),0.9572,0.0220,0.0382,0.9569,0.0068,0.6750,0.2822,41.81
CoF,2,XGBoost,0.9557,0.0226,0.0388,0.9554,0.0063,0.6750,0.2807,41.59
CoF,3,Hist Gradient Boosting,0.9555,0.0229,0.0389,0.9555,0.0091,0.6750,0.2805,41.56
CoF,4,LightGBM,0.9518,0.0239,0.0405,0.9517,0.0079,0.6750,0.2768,41.01
CoF,5,CatBoost,0.9382,0.0298,0.0459,0.9379,0.0104,0.6750,0.2632,38.99
CoF,6,Random Forest,0.9209,0.0300,0.0519,0.9204,0.0120,0.6750,0.2459,36.43
CoF,7,Extra Trees,0.9206,0.0294,0.0520,0.9206,0.0134,0.6750,0.2456,36.39
CoF,8,SVR,0.8844,0.0392,0.0627,0.8838,0.0144,0.6750,0.2094,31.02
CoF,9,Ridge,0.6750,0.0758,0.1051,0.6739,0.0537,0.6750,0.0000,0.00
Wear,1,CatBoost (Tuned),0.9819,0.1852,0.3362,0.9817,0.0067,0.7059,0.2760,39.10
Wear,2,CatBoost,0.9720,0.2473,0.4180,0.9711,0.0172,0.7059,0.2661,37.70
Wear,3,XGBoost,0.9641,0.2039,0.4731,0.9624,0.0454,0.7059,0.2582,36.58
Wear,4,Extra Trees,0.9587,0.1789,0.5075,0.9569,0.0615,0.7059,0.2528,35.81
Wear,5,LightGBM,0.9504,0.1937,0.5563,0.9473,0.0789,0.7059,0.2445,34.64
Wear,6,Hist Gradient Boosting,0.9502,0.2051,0.5578,0.9471,0.0668,0.7059,0.2443,34.61
Wear,7,Random Forest,0.9438,0.2443,0.5925,0.9402,0.0573,0.7059,0.2379,33.70
Wear,8,SVR,0.8947,0.3474,0.8110,0.8955,0.0453,0.7059,0.1888,26.75
Wear,9,Ridge,0.7059,1.0036,1.3552,0.7047,0.0278,0.7059,0.0000,0.00
