Feature,Mean_Abs_SHAP,Mean_SHAP,Rank
pa66_pct,0.47753999441698936,-0.017445127764242566,1
distance_m,0.39726617717046453,0.029207764180787823,2
humidity_pct,0.2549881013890419,0.009769076203869645,3
temperature_C,0.24819084919971374,0.05253400744464605,4
log_distance,0.19038585917219641,0.005713497804909365,5
speed_ms,0.1818949177139564,-0.07017236969865412,6
fabrication_AM,0.16539379532986095,0.041876533579705166,7
temperature_available,0.07184127956395717,-0.01794910656135524,8
counterface_other,0.06306898649381375,-0.009634163251020681,9
load_speed_ratio,0.051745519145070154,-0.015023697999575012,10
load_N,0.030865487855502163,0.003524395265012804,11
speed_load_ratio,0.030231613589333028,0.0018068598815422746,12
PV_factor,0.02818197399395755,0.0037433072109740013,13
counterface_steel,0.0245482733842313,0.005611364745016945,14
delta_T_flash,0.02319764328367351,0.000986630915808401,15
other_nanofiller_pct,0.02238274482290486,0.01671474526099149,16
gf_load_interaction,0.0212334276001574,-0.005231380577862401,17
counterface_PA6,0.017712660397158967,0.0023772060942626027,18
speed_temperature_interaction,0.014898058375152635,-0.006428067984539864,19
load_speed_product,0.014707559021215925,-0.00781375122622659,20
humidity_available,0.010967819742754884,0.00043246051982789516,21
other_reinforcement_count,0.009942184661469929,0.0034545192167668034,22
pa6_pct,0.009832911848505592,0.0022829865603589483,23
log_speed,0.009362557190137745,-0.0058637512107280925,24
gf_speed_interaction,0.00860423219412898,-0.0019101129327471996,25
other_total_pct,0.008039694198273701,0.002475563553426609,26
log_load,0.007077305546821207,0.0007364444923219733,27
load_humidity_interaction,0.003631376251863787,0.00041341781966660647,28
glass_fiber_pct,0.0033157288542521074,0.001514063336556597,29
fabrication_cast,0.0029903794505687325,0.0012930206680280604,30
speed_humidity_interaction,0.002907500633519383,-7.88638492379079e-05,31
load_temperature_interaction,0.0026325728038915012,-0.00034563891138375693,32
filler_type_count,0.002386926022732915,0.001726171822285878,33
known_filler_pct,0.0023411454015545034,-0.000162977851095821,34
log_PV,0.00223585803061232,-0.0003657447756233148,35
test_type_BoP,0.0008419319424312215,0.00028953901140314867,36
mos2_load_interaction,0.0007920973703048595,-0.0001456551749431996,37
mos2_speed_interaction,0.0,0.0,38
gf_temperature_interaction,0.0,0.0,39
graphite_temperature_interaction,0.0,0.0,40
graphite_speed_interaction,0.0,0.0,41
graphite_load_interaction,0.0,0.0,42
mos2_temperature_interaction,0.0,0.0,43
composition_gap,0.0,0.0,44
pa6_dominant,0.0,0.0,45
gf_humidity_interaction,0.0,0.0,46
mos2_matrix_interaction,0.0,0.0,47
counterface_alumina,0.0,0.0,48
counterface_cast-iron,0.0,0.0,49
pa66_fraction,0.0,0.0,50
pa6_fraction,0.0,0.0,51
test_type_BoR,0.0,0.0,52
test_type_PoD,0.0,0.0,53
environment_dry,0.0,0.0,54
environment_lubricated,0.0,0.0,55
environment_water,0.0,0.0,56
matrix_pct,0.0,0.0,57
fabrication_extrusion,0.0,0.0,58
fabrication_injection,0.0,0.0,59
graphite_pct,0.0,0.0,60
gf_mos2_interaction,0.0,0.0,61
graphite_matrix_interaction,0.0,0.0,62
total_filler_pct,0.0,0.0,63
gf_matrix_ratio,0.0,0.0,64
graphite_matrix_ratio,0.0,0.0,65
mos2_matrix_ratio,0.0,0.0,66
lubricant_reinforcement_ratio,0.0,0.0,67
main_filler_type_count,0.0,0.0,68
multiple_filler_system,0.0,0.0,69
hybrid_composite,0.0,0.0,70
gf_pct_sq,0.0,0.0,71
graphite_pct_sq,0.0,0.0,72
mos2_pct_sq,0.0,0.0,73
total_filler_pct_sq,0.0,0.0,74
matrix_pct_sq,0.0,0.0,75
reported_composition_pct,0.0,0.0,76
other_nanofiller_count,0.0,0.0,77
gf_matrix_interaction,0.0,0.0,78
other_lubricant_count,0.0,0.0,79
other_reinforcement_pct,0.0,0.0,80
other_lubricant_pct,0.0,0.0,81
other_component_count,0.0,0.0,82
mos2_present,0.0,0.0,83
graphite_present,0.0,0.0,84
gf_present,0.0,0.0,85
mos2_pct,0.0,0.0,86
total_contact_temp,0.0,0.0,87
exceeds_Tg_50C,0.0,0.0,88
gf_graphite_interaction,0.0,0.0,89
filler_matrix_ratio,0.0,0.0,90
graphite_mos2_interaction,0.0,0.0,91
fabrication_unknown,0.0,0.0,92
