Model,Fold,R2,MAE,RMSE,N_train,N_validation
Ridge,1.0,0.7336666550641855,0.9596064897816269,1.24168365772903,896.0,224.0
Ridge,2.0,0.7221523370456281,0.9915632386456528,1.2859983168522626,896.0,224.0
Ridge,3.0,0.7134279065980889,1.012191414489856,1.4520633852853675,896.0,224.0
Ridge,4.0,0.6639016046645778,0.9894351278981219,1.3151806630799467,896.0,224.0
Ridge,5.0,0.6903401148315023,1.0649657472012868,1.4660909554042338,896.0,224.0
Random Forest,1.0,0.8454850342798051,0.2853581480365671,0.945765501782562,896.0,224.0
Random Forest,2.0,0.9798016606148726,0.20005439883065826,0.34673274570078116,896.0,224.0
Random Forest,3.0,0.9752153642689051,0.23172793583830975,0.4270314848878998,896.0,224.0
Random Forest,4.0,0.9260282831801556,0.28579733637868737,0.616999830306388,896.0,224.0
Random Forest,5.0,0.9744090365720358,0.21859404194196605,0.42146523615086584,896.0,224.0
Extra Trees,1.0,0.8445886125927672,0.270302864804452,0.948504973061894,896.0,224.0
Extra Trees,2.0,0.9875201221628611,0.15396776525293682,0.2725474939979577,896.0,224.0
Extra Trees,3.0,0.9800688257132313,0.18389053666160624,0.38294382409010047,896.0,224.0
Extra Trees,4.0,0.9853365591613993,0.16020196521725424,0.27470726244655014,896.0,224.0
Extra Trees,5.0,0.9838078754292899,0.15898067681146966,0.3352512134541536,896.0,224.0
Hist Gradient Boosting,1.0,0.9206127545531921,0.24542754927146707,0.6779123722562569,896.0,224.0
Hist Gradient Boosting,2.0,0.983927639200258,0.15949310521819388,0.3092978225780769,896.0,224.0
Hist Gradient Boosting,3.0,0.988511865253523,0.1714819030390254,0.2907323688400356,896.0,224.0
Hist Gradient Boosting,4.0,0.9498053227745149,0.2268549613177388,0.5082542610426998,896.0,224.0
Hist Gradient Boosting,5.0,0.9710465899124411,0.21333740150144367,0.4482995481276215,896.0,224.0
XGBoost,1.0,0.8895429782798618,0.27030378732559285,0.7996406398767464,896.0,224.0
XGBoost,2.0,0.9874106258398212,0.17383866991760102,0.2737405255002337,896.0,224.0
XGBoost,3.0,0.9872024101465259,0.18453941625121,0.30685465799342176,896.0,224.0
XGBoost,4.0,0.9738082782064407,0.22928770214381353,0.3671421272336901,896.0,224.0
XGBoost,5.0,0.9801567444475107,0.20747438783294056,0.37112900994576986,896.0,224.0
CatBoost,1.0,0.9371523372106274,0.2872896454937397,0.6031742033256866,896.0,224.0
CatBoost,2.0,0.9843188169456881,0.21352671500059758,0.3055107092117676,896.0,224.0
CatBoost,3.0,0.9820220430195856,0.24314057561646424,0.36369622631740134,896.0,224.0
CatBoost,4.0,0.9700943391326217,0.2770824047467732,0.39230956546085005,896.0,224.0
CatBoost,5.0,0.977885236720803,0.23745653603440794,0.3917956301114178,896.0,224.0
SVR,1.0,0.9166506762340567,0.334976506117647,0.6946231190878527,896.0,224.0
SVR,2.0,0.9411119046835215,0.30961719367676593,0.5920396318860311,896.0,224.0
SVR,3.0,0.9164662274408739,0.33988751582537996,0.7839704156040077,896.0,224.0
SVR,4.0,0.8776812592930946,0.3557226340460378,0.7934118745411843,896.0,224.0
SVR,5.0,0.8254289786848712,0.3967671375908456,1.1007901040777095,896.0,224.0
LightGBM,1.0,0.8004169195781137,0.2776429840336685,1.0748801782189854,896.0,224.0
LightGBM,2.0,0.9849902620681392,0.15695519675667755,0.2988983935327458,896.0,224.0
LightGBM,3.0,0.9855846402951675,0.18381099083576663,0.3256727102082221,896.0,224.0
LightGBM,4.0,0.975731250947432,0.18893625226378558,0.35340760497239165,896.0,224.0
LightGBM,5.0,0.976888258566707,0.20548033383120526,0.4005297461431298,896.0,224.0
CatBoost (Tuned),1.0,0.9656894421143782,0.22869084371110032,0.4456686480188189,896.0,224.0
CatBoost (Tuned),2.0,0.9889247630778453,0.15353603835226984,0.2567518247334542,896.0,224.0
CatBoost (Tuned),3.0,0.9873027028458651,0.18707909566541403,0.3056499071381735,896.0,224.0
CatBoost (Tuned),4.0,0.9819317188768104,0.19915814254084302,0.30493734515849574,896.0,224.0
CatBoost (Tuned),5.0,0.9780774807359196,0.205282224563178,0.39008896995502235,896.0,224.0
